Resource Name,AWS Region,Resource Type,Key,vCPU,ECU,Memory (GiB),Instance Storage (GB),AWS Usage/Hour,Cloudera Datahub Usage/Hour,DWX Usage/Hour,MLX Usage/Hour
m5.2xlarge,US East (N. Virginia),EC2,m5.2xlarge|US East (N. Virginia)|EC2,8,31,32 GiB,EBS Only,$0.38,$	0.24,Not Available for CDP,$	0.68
m5.4xlarge,US East (N. Virginia),EC2,m5.4xlarge|US East (N. Virginia)|EC2,16,60,64 GiB,EBS Only,$0.77,$	0.48,Not Available for CDP,$	1.37
m5.8xlarge,US East (N. Virginia),EC2,m5.8xlarge|US East (N. Virginia)|EC2,32,131,128 GiB,EBS Only,$1.54,$	0.96,Not Available for CDP,Not Available for CDP
c5.2xlarge,US East (N. Virginia),EC2,c5.2xlarge|US East (N. Virginia)|EC2,8,34,16 GiB,EBS Only,$0.34,$	0.18,Not Available for CDP,Not Available for CDP
c5.4xlarge,US East (N. Virginia),EC2,c5.4xlarge|US East (N. Virginia)|EC2,16,68,32 GiB,EBS Only,$0.68,$	0.37,Not Available for CDP,Not Available for CDP
c5.9xlarge,US East (N. Virginia),EC2,c5.9xlarge|US East (N. Virginia)|EC2,36,141,72 GiB,EBS Only,$1.53,$	0.54,Not Available for CDP,Not Available for CDP
p3.2xlarge,US East (N. Virginia),EC2,p3.2xlarge|US East (N. Virginia)|EC2,8,26,61 GiB,EBS Only,$3.06,$	0.46,Not Available for CDP,Not Available for CDP
p3.8xlarge,US East (N. Virginia),EC2,p3.8xlarge|US East (N. Virginia)|EC2,32,94,244 GiB,EBS Only,$12.24,$	1.83,Not Available for CDP,$	8.22
p2.8xlarge,US East (N. Virginia),EC2,p2.8xlarge|US East (N. Virginia)|EC2,32,94,488 GiB,EBS Only,$7.20,Not Available for CDP,Not Available for CDP,$	5.22
p2.16xlarge,US East (N. Virginia),EC2,p2.16xlarge|US East (N. Virginia)|EC2,64,188,768 GiB,EBS Only,$14.40,Not Available for CDP,Not Available for CDP,$	9.40
r5.2xlarge,US East (N. Virginia),EC2,r5.2xlarge|US East (N. Virginia)|EC2,8,38,64 GiB,EBS Only,$0.50,$	0.36,Not Available for CDP,Not Available for CDP
r5.4xlarge,US East (N. Virginia),EC2,r5.4xlarge|US East (N. Virginia)|EC2,16,71,128 GiB,EBS Only,$1.01,$	0.72,Not Available for CDP,$	2.05
r5.8xlarge,US East (N. Virginia),EC2,r5.8xlarge|US East (N. Virginia)|EC2,32,131,256 GiB,EBS Only,$2.02,$	1.44,Not Available for CDP,Not Available for CDP
r5d.xlarge,US East (N. Virginia),EC2,r5d.xlarge|US East (N. Virginia)|EC2,4,19,32 GiB,1 x 150 NVMe SSD,$0.29,$	0.24,Not Available for CDP,Not Available for CDP
r5d.2xlarge,US East (N. Virginia),EC2,r5d.2xlarge|US East (N. Virginia)|EC2,8,38,64 GiB,1 x 300 NVMe SSD,$0.58,$	0.48,Not Available for CDP,Not Available for CDP
r5d.4xlarge,US East (N. Virginia),EC2,r5d.4xlarge|US East (N. Virginia)|EC2,16,71,128 GiB,2 x 300 NVMe SSD,$1.15,$	0.96,$	0.72,Not Available for CDP
r5d.8xlarge,US East (N. Virginia),EC2,r5d.8xlarge|US East (N. Virginia)|EC2,32,131,256 GiB,2 x 600 NVMe SSD,$2.30,$	1.92,Not Available for CDP,Not Available for CDP
r5d.16xlarge,US East (N. Virginia),EC2,r5d.16xlarge|US East (N. Virginia)|EC2,64,262,512 GiB,4 x 600 NVMe SSD,$4.61,$	3.84,Not Available for CDP,Not Available for CDP
i3.2xlarge,US East (N. Virginia),EC2,i3.2xlarge|US East (N. Virginia)|EC2,8,27,61 GiB,1 x 1900 NVMe SSD,$0.62,$	0.36,Not Available for CDP,Not Available for CDP
i3.4xlarge,US East (N. Virginia),EC2,i3.4xlarge|US East (N. Virginia)|EC2,16,53,122 GiB,2 x 1900 NVMe SSD,$1.25,$	0.72,Not Available for CDP,Not Available for CDP
i3.8xlarge,US East (N. Virginia),EC2,i3.8xlarge|US East (N. Virginia)|EC2,32,99,244 GiB,4 x 1900 NVMe SSD,$2.50,$	1.44,Not Available for CDP,Not Available for CDP
h1.2xlarge,US East (N. Virginia),EC2,h1.2xlarge|US East (N. Virginia)|EC2,8,26,32 GiB,1 x 2000 HDD,$0.47,$	0.24,Not Available for CDP,Not Available for CDP
h1.4xlarge,US East (N. Virginia),EC2,h1.4xlarge|US East (N. Virginia)|EC2,16,53.5,64 GiB,2 x 2000 HDD,$0.94,$	0.48,Not Available for CDP,Not Available for CDP
h1.8xlarge,US East (N. Virginia),EC2,h1.8xlarge|US East (N. Virginia)|EC2,32,99,128 GiB,4 x 2000 HDD,$1.87,$	0.96,Not Available for CDP,Not Available for CDP
d2.xlarge,US East (N. Virginia),EC2,d2.xlarge|US East (N. Virginia)|EC2,4,14,30.5 GiB,3 x 2000 HDD,$0.69,$	0.23,Not Available for CDP,Not Available for CDP
d2.2xlarge,US East (N. Virginia),EC2,d2.2xlarge|US East (N. Virginia)|EC2,8,28,61 GiB,6 x 2000 HDD,$1.38,$	0.46,Not Available for CDP,Not Available for CDP
d2.4xlarge,US East (N. Virginia),EC2,d2.4xlarge|US East (N. Virginia)|EC2,16,56,122 GiB,12 x 2000 HDD,$2.76,$	0.92,Not Available for CDP,Not Available for CDP
d2.8xlarge,US East (N. Virginia),EC2,d2.8xlarge|US East (N. Virginia)|EC2,36,116,244 GiB,24 x 2000 HDD,$5.52,$	1.83,Not Available for CDP,Not Available for CDP
m5.2xlarge,US East (Ohio),EC2,m5.2xlarge|US East (Ohio)|EC2,8,31,32 GiB,EBS Only,$0.38,$	0.24,Not Available for CDP,$	0.68
m5.4xlarge,US East (Ohio),EC2,m5.4xlarge|US East (Ohio)|EC2,16,60,64 GiB,EBS Only,$0.77,$	0.48,Not Available for CDP,$	1.37
m5.8xlarge,US East (Ohio),EC2,m5.8xlarge|US East (Ohio)|EC2,32,131,128 GiB,EBS Only,$1.54,$	0.96,Not Available for CDP,Not Available for CDP
c5.2xlarge,US East (Ohio),EC2,c5.2xlarge|US East (Ohio)|EC2,8,34,16 GiB,EBS Only,$0.34,$	0.18,Not Available for CDP,Not Available for CDP
c5.4xlarge,US East (Ohio),EC2,c5.4xlarge|US East (Ohio)|EC2,16,68,32 GiB,EBS Only,$0.68,$	0.37,Not Available for CDP,Not Available for CDP
c5.9xlarge,US East (Ohio),EC2,c5.9xlarge|US East (Ohio)|EC2,36,141,72 GiB,EBS Only,$1.53,$	0.54,Not Available for CDP,Not Available for CDP
p3.2xlarge,US East (Ohio),EC2,p3.2xlarge|US East (Ohio)|EC2,8,26,61 GiB,EBS Only,$3.06,$	0.46,Not Available for CDP,Not Available for CDP
p3.8xlarge,US East (Ohio),EC2,p3.8xlarge|US East (Ohio)|EC2,32,94,244 GiB,EBS Only,$12.24,$	1.83,Not Available for CDP,$	8.22
p2.8xlarge,US East (Ohio),EC2,p2.8xlarge|US East (Ohio)|EC2,32,94,488 GiB,EBS Only,$7.20,Not Available for CDP,Not Available for CDP,$	5.22
p2.16xlarge,US East (Ohio),EC2,p2.16xlarge|US East (Ohio)|EC2,64,188,768 GiB,EBS Only,$14.40,Not Available for CDP,Not Available for CDP,$	9.40
r5.2xlarge,US East (Ohio),EC2,r5.2xlarge|US East (Ohio)|EC2,8,38,64 GiB,EBS Only,$0.50,$	0.36,Not Available for CDP,Not Available for CDP
r5.4xlarge,US East (Ohio),EC2,r5.4xlarge|US East (Ohio)|EC2,16,71,128 GiB,EBS Only,$1.01,$	0.72,Not Available for CDP,$	2.05
r5.8xlarge,US East (Ohio),EC2,r5.8xlarge|US East (Ohio)|EC2,32,131,256 GiB,EBS Only,$2.02,$	1.44,Not Available for CDP,Not Available for CDP
r5d.xlarge,US East (Ohio),EC2,r5d.xlarge|US East (Ohio)|EC2,4,19,32 GiB,1 x 150 NVMe SSD,$0.29,$	0.24,Not Available for CDP,Not Available for CDP
r5d.2xlarge,US East (Ohio),EC2,r5d.2xlarge|US East (Ohio)|EC2,8,38,64 GiB,1 x 300 NVMe SSD,$0.58,$	0.48,Not Available for CDP,Not Available for CDP
r5d.4xlarge,US East (Ohio),EC2,r5d.4xlarge|US East (Ohio)|EC2,16,71,128 GiB,2 x 300 NVMe SSD,$1.15,$	0.96,$	0.72,Not Available for CDP
r5d.8xlarge,US East (Ohio),EC2,r5d.8xlarge|US East (Ohio)|EC2,32,131,256 GiB,2 x 600 NVMe SSD,$2.30,$	1.92,Not Available for CDP,Not Available for CDP
r5d.16xlarge,US East (Ohio),EC2,r5d.16xlarge|US East (Ohio)|EC2,64,262,512 GiB,4 x 600 NVMe SSD,$4.61,$	3.84,Not Available for CDP,Not Available for CDP
i3.2xlarge,US East (Ohio),EC2,i3.2xlarge|US East (Ohio)|EC2,8,27,61 GiB,1 x 1900 NVMe SSD,$0.62,$	0.36,Not Available for CDP,Not Available for CDP
i3.4xlarge,US East (Ohio),EC2,i3.4xlarge|US East (Ohio)|EC2,16,53,122 GiB,2 x 1900 NVMe SSD,$1.25,$	0.72,Not Available for CDP,Not Available for CDP
i3.8xlarge,US East (Ohio),EC2,i3.8xlarge|US East (Ohio)|EC2,32,99,244 GiB,4 x 1900 NVMe SSD,$2.50,$	1.44,Not Available for CDP,Not Available for CDP
h1.2xlarge,US East (Ohio),EC2,h1.2xlarge|US East (Ohio)|EC2,8,26,32 GiB,1 x 2000 HDD,$0.47,$	0.24,Not Available for CDP,Not Available for CDP
h1.4xlarge,US East (Ohio),EC2,h1.4xlarge|US East (Ohio)|EC2,16,53.5,64 GiB,2 x 2000 HDD,$0.94,$	0.48,Not Available for CDP,Not Available for CDP
h1.8xlarge,US East (Ohio),EC2,h1.8xlarge|US East (Ohio)|EC2,32,99,128 GiB,4 x 2000 HDD,$1.87,$	0.96,Not Available for CDP,Not Available for CDP
d2.xlarge,US East (Ohio),EC2,d2.xlarge|US East (Ohio)|EC2,4,14,30.5 GiB,3 x 2000 HDD,$0.69,$	0.23,Not Available for CDP,Not Available for CDP
d2.2xlarge,US East (Ohio),EC2,d2.2xlarge|US East (Ohio)|EC2,8,28,61 GiB,6 x 2000 HDD,$1.38,$	0.46,Not Available for CDP,Not Available for CDP
d2.4xlarge,US East (Ohio),EC2,d2.4xlarge|US East (Ohio)|EC2,16,56,122 GiB,12 x 2000 HDD,$2.76,$	0.92,Not Available for CDP,Not Available for CDP
d2.8xlarge,US East (Ohio),EC2,d2.8xlarge|US East (Ohio)|EC2,36,116,244 GiB,24 x 2000 HDD,$5.52,$	1.83,Not Available for CDP,Not Available for CDP
m5.2xlarge,US West (N. California),EC2,m5.2xlarge|US West (N. California)|EC2,8,31,32 GiB,EBS Only,$0.45,$	0.24,Not Available for CDP,$	0.68
m5.4xlarge,US West (N. California),EC2,m5.4xlarge|US West (N. California)|EC2,16,60,64 GiB,EBS Only,$0.90,$	0.48,Not Available for CDP,$	1.37
m5.8xlarge,US West (N. California),EC2,m5.8xlarge|US West (N. California)|EC2,32,131,128 GiB,EBS Only,$1.79,$	0.96,Not Available for CDP,Not Available for CDP
c5.2xlarge,US West (N. California),EC2,c5.2xlarge|US West (N. California)|EC2,8,34,16 GiB,EBS Only,$0.42,$	0.18,Not Available for CDP,Not Available for CDP
c5.4xlarge,US West (N. California),EC2,c5.4xlarge|US West (N. California)|EC2,16,68,32 GiB,EBS Only,$0.85,$	0.37,Not Available for CDP,Not Available for CDP
c5.9xlarge,US West (N. California),EC2,c5.9xlarge|US West (N. California)|EC2,36,141,72 GiB,EBS Only,$1.91,$	0.54,Not Available for CDP,Not Available for CDP
r5.2xlarge,US West (N. California),EC2,r5.2xlarge|US West (N. California)|EC2,8,38,64 GiB,EBS Only,$0.56,$	0.36,Not Available for CDP,Not Available for CDP
r5.4xlarge,US West (N. California),EC2,r5.4xlarge|US West (N. California)|EC2,16,71,128 GiB,EBS Only,$1.12,$	0.72,Not Available for CDP,$	2.05
r5.8xlarge,US West (N. California),EC2,r5.8xlarge|US West (N. California)|EC2,32,131,256 GiB,EBS Only,$2.24,$	1.44,Not Available for CDP,Not Available for CDP
r5d.xlarge,US West (N. California),EC2,r5d.xlarge|US West (N. California)|EC2,4,19,32 GiB,1 x 150 NVMe SSD,$0.32,$	0.24,Not Available for CDP,Not Available for CDP
r5d.2xlarge,US West (N. California),EC2,r5d.2xlarge|US West (N. California)|EC2,8,38,64 GiB,1 x 300 NVMe SSD,$0.65,$	0.48,Not Available for CDP,Not Available for CDP
r5d.4xlarge,US West (N. California),EC2,r5d.4xlarge|US West (N. California)|EC2,16,71,128 GiB,2 x 300 NVMe SSD,$1.30,$	0.96,$	0.72,Not Available for CDP
r5d.8xlarge,US West (N. California),EC2,r5d.8xlarge|US West (N. California)|EC2,32,131,256 GiB,2 x 600 NVMe SSD,$2.59,$	1.92,Not Available for CDP,Not Available for CDP
r5d.16xlarge,US West (N. California),EC2,r5d.16xlarge|US West (N. California)|EC2,64,262,512 GiB,4 x 600 NVMe SSD,$5.18,$	3.84,Not Available for CDP,Not Available for CDP
i3.2xlarge,US West (N. California),EC2,i3.2xlarge|US West (N. California)|EC2,8,27,61 GiB,1 x 1900 NVMe SSD,$0.69,$	0.36,Not Available for CDP,Not Available for CDP
i3.4xlarge,US West (N. California),EC2,i3.4xlarge|US West (N. California)|EC2,16,53,122 GiB,2 x 1900 NVMe SSD,$1.38,$	0.72,Not Available for CDP,Not Available for CDP
i3.8xlarge,US West (N. California),EC2,i3.8xlarge|US West (N. California)|EC2,32,99,244 GiB,4 x 1900 NVMe SSD,$2.75,$	1.44,Not Available for CDP,Not Available for CDP
d2.xlarge,US West (N. California),EC2,d2.xlarge|US West (N. California)|EC2,4,14,30.5 GiB,3 x 2000 HDD,$0.78,$	0.23,Not Available for CDP,Not Available for CDP
d2.2xlarge,US West (N. California),EC2,d2.2xlarge|US West (N. California)|EC2,8,28,61 GiB,6 x 2000 HDD,$1.56,$	0.46,Not Available for CDP,Not Available for CDP
d2.4xlarge,US West (N. California),EC2,d2.4xlarge|US West (N. California)|EC2,16,56,122 GiB,12 x 2000 HDD,$3.13,$	0.92,Not Available for CDP,Not Available for CDP
d2.8xlarge,US West (N. California),EC2,d2.8xlarge|US West (N. California)|EC2,36,116,244 GiB,24 x 2000 HDD,$6.25,$	1.83,Not Available for CDP,Not Available for CDP
m5.2xlarge,US West (Oregon),EC2,m5.2xlarge|US West (Oregon)|EC2,8,31,32 GiB,EBS Only,$0.38,$	0.24,Not Available for CDP,$	0.68
m5.4xlarge,US West (Oregon),EC2,m5.4xlarge|US West (Oregon)|EC2,16,60,64 GiB,EBS Only,$0.77,$	0.48,Not Available for CDP,$	1.37
m5.8xlarge,US West (Oregon),EC2,m5.8xlarge|US West (Oregon)|EC2,32,131,128 GiB,EBS Only,$1.54,$	0.96,Not Available for CDP,Not Available for CDP
c5.2xlarge,US West (Oregon),EC2,c5.2xlarge|US West (Oregon)|EC2,8,34,16 GiB,EBS Only,$0.34,$	0.18,Not Available for CDP,Not Available for CDP
c5.4xlarge,US West (Oregon),EC2,c5.4xlarge|US West (Oregon)|EC2,16,68,32 GiB,EBS Only,$0.68,$	0.37,Not Available for CDP,Not Available for CDP
c5.9xlarge,US West (Oregon),EC2,c5.9xlarge|US West (Oregon)|EC2,36,141,72 GiB,EBS Only,$1.53,$	0.54,Not Available for CDP,Not Available for CDP
p3.2xlarge,US West (Oregon),EC2,p3.2xlarge|US West (Oregon)|EC2,8,26,61 GiB,EBS Only,$3.06,$	0.46,Not Available for CDP,Not Available for CDP
p3.8xlarge,US West (Oregon),EC2,p3.8xlarge|US West (Oregon)|EC2,32,94,244 GiB,EBS Only,$12.24,$	1.83,Not Available for CDP,$	8.22
p2.8xlarge,US West (Oregon),EC2,p2.8xlarge|US West (Oregon)|EC2,32,94,488 GiB,EBS Only,$7.20,Not Available for CDP,Not Available for CDP,$	5.22
p2.16xlarge,US West (Oregon),EC2,p2.16xlarge|US West (Oregon)|EC2,64,188,768 GiB,EBS Only,$14.40,Not Available for CDP,Not Available for CDP,$	9.40
r5.2xlarge,US West (Oregon),EC2,r5.2xlarge|US West (Oregon)|EC2,8,38,64 GiB,EBS Only,$0.50,$	0.36,Not Available for CDP,Not Available for CDP
r5.4xlarge,US West (Oregon),EC2,r5.4xlarge|US West (Oregon)|EC2,16,71,128 GiB,EBS Only,$1.01,$	0.72,Not Available for CDP,$	2.05
r5.8xlarge,US West (Oregon),EC2,r5.8xlarge|US West (Oregon)|EC2,32,131,256 GiB,EBS Only,$2.02,$	1.44,Not Available for CDP,Not Available for CDP
r5d.xlarge,US West (Oregon),EC2,r5d.xlarge|US West (Oregon)|EC2,4,19,32 GiB,1 x 150 NVMe SSD,$0.29,$	0.24,Not Available for CDP,Not Available for CDP
r5d.2xlarge,US West (Oregon),EC2,r5d.2xlarge|US West (Oregon)|EC2,8,38,64 GiB,1 x 300 NVMe SSD,$0.58,$	0.48,Not Available for CDP,Not Available for CDP
r5d.4xlarge,US West (Oregon),EC2,r5d.4xlarge|US West (Oregon)|EC2,16,71,128 GiB,2 x 300 NVMe SSD,$1.15,$	0.96,$	0.72,Not Available for CDP
r5d.8xlarge,US West (Oregon),EC2,r5d.8xlarge|US West (Oregon)|EC2,32,131,256 GiB,2 x 600 NVMe SSD,$2.30,$	1.92,Not Available for CDP,Not Available for CDP
r5d.16xlarge,US West (Oregon),EC2,r5d.16xlarge|US West (Oregon)|EC2,64,262,512 GiB,4 x 600 NVMe SSD,$4.61,$	3.84,Not Available for CDP,Not Available for CDP
i3.2xlarge,US West (Oregon),EC2,i3.2xlarge|US West (Oregon)|EC2,8,27,61 GiB,1 x 1900 NVMe SSD,$0.62,$	0.36,Not Available for CDP,Not Available for CDP
i3.4xlarge,US West (Oregon),EC2,i3.4xlarge|US West (Oregon)|EC2,16,53,122 GiB,2 x 1900 NVMe SSD,$1.25,$	0.72,Not Available for CDP,Not Available for CDP
i3.8xlarge,US West (Oregon),EC2,i3.8xlarge|US West (Oregon)|EC2,32,99,244 GiB,4 x 1900 NVMe SSD,$2.50,$	1.44,Not Available for CDP,Not Available for CDP
h1.2xlarge,US West (Oregon),EC2,h1.2xlarge|US West (Oregon)|EC2,8,26,32 GiB,1 x 2000 HDD,$0.47,$	0.24,Not Available for CDP,Not Available for CDP
h1.4xlarge,US West (Oregon),EC2,h1.4xlarge|US West (Oregon)|EC2,16,53.5,64 GiB,2 x 2000 HDD,$0.94,$	0.48,Not Available for CDP,Not Available for CDP
h1.8xlarge,US West (Oregon),EC2,h1.8xlarge|US West (Oregon)|EC2,32,99,128 GiB,4 x 2000 HDD,$1.87,$	0.96,Not Available for CDP,Not Available for CDP
d2.xlarge,US West (Oregon),EC2,d2.xlarge|US West (Oregon)|EC2,4,14,30.5 GiB,3 x 2000 HDD,$0.69,$	0.23,Not Available for CDP,Not Available for CDP
d2.2xlarge,US West (Oregon),EC2,d2.2xlarge|US West (Oregon)|EC2,8,28,61 GiB,6 x 2000 HDD,$1.38,$	0.46,Not Available for CDP,Not Available for CDP
d2.4xlarge,US West (Oregon),EC2,d2.4xlarge|US West (Oregon)|EC2,16,56,122 GiB,12 x 2000 HDD,$2.76,$	0.92,Not Available for CDP,Not Available for CDP
d2.8xlarge,US West (Oregon),EC2,d2.8xlarge|US West (Oregon)|EC2,36,116,244 GiB,24 x 2000 HDD,$5.52,$	1.83,Not Available for CDP,Not Available for CDP
m5.2xlarge,Asia Pacific (Hong Kong),EC2,m5.2xlarge|Asia Pacific (Hong Kong)|EC2,8,31,32 GiB,EBS Only,$0.53,$	0.24,Not Available for CDP,$	0.68
m5.4xlarge,Asia Pacific (Hong Kong),EC2,m5.4xlarge|Asia Pacific (Hong Kong)|EC2,16,60,64 GiB,EBS Only,$1.06,$	0.48,Not Available for CDP,$	1.37
m5.8xlarge,Asia Pacific (Hong Kong),EC2,m5.8xlarge|Asia Pacific (Hong Kong)|EC2,32,131,128 GiB,EBS Only,$2.11,$	0.96,Not Available for CDP,Not Available for CDP
c5.2xlarge,Asia Pacific (Hong Kong),EC2,c5.2xlarge|Asia Pacific (Hong Kong)|EC2,8,34,16 GiB,EBS Only,$0.43,$	0.18,Not Available for CDP,Not Available for CDP
c5.4xlarge,Asia Pacific (Hong Kong),EC2,c5.4xlarge|Asia Pacific (Hong Kong)|EC2,16,68,32 GiB,EBS Only,$0.86,$	0.37,Not Available for CDP,Not Available for CDP
c5.9xlarge,Asia Pacific (Hong Kong),EC2,c5.9xlarge|Asia Pacific (Hong Kong)|EC2,36,141,72 GiB,EBS Only,$1.94,$	0.54,Not Available for CDP,Not Available for CDP
r5.2xlarge,Asia Pacific (Hong Kong),EC2,r5.2xlarge|Asia Pacific (Hong Kong)|EC2,8,38,64 GiB,EBS Only,$0.67,$	0.36,Not Available for CDP,Not Available for CDP
r5.4xlarge,Asia Pacific (Hong Kong),EC2,r5.4xlarge|Asia Pacific (Hong Kong)|EC2,16,71,128 GiB,EBS Only,$1.34,$	0.72,Not Available for CDP,$	2.05
r5.8xlarge,Asia Pacific (Hong Kong),EC2,r5.8xlarge|Asia Pacific (Hong Kong)|EC2,32,131,256 GiB,EBS Only,$2.67,$	1.44,Not Available for CDP,Not Available for CDP
r5d.xlarge,Asia Pacific (Hong Kong),EC2,r5d.xlarge|Asia Pacific (Hong Kong)|EC2,4,19,32 GiB,1 x 150 NVMe SSD,$0.35,$	0.24,Not Available for CDP,Not Available for CDP
r5d.2xlarge,Asia Pacific (Hong Kong),EC2,r5d.2xlarge|Asia Pacific (Hong Kong)|EC2,8,38,64 GiB,1 x 300 NVMe SSD,$0.70,$	0.48,Not Available for CDP,Not Available for CDP
r5d.4xlarge,Asia Pacific (Hong Kong),EC2,r5d.4xlarge|Asia Pacific (Hong Kong)|EC2,16,71,128 GiB,2 x 300 NVMe SSD,$1.40,$	0.96,$	0.72,Not Available for CDP
r5d.8xlarge,Asia Pacific (Hong Kong),EC2,r5d.8xlarge|Asia Pacific (Hong Kong)|EC2,32,131,256 GiB,2 x 600 NVMe SSD,$2.80,$	1.92,Not Available for CDP,Not Available for CDP
r5d.16xlarge,Asia Pacific (Hong Kong),EC2,r5d.16xlarge|Asia Pacific (Hong Kong)|EC2,64,262,512 GiB,4 x 600 NVMe SSD,$5.60,$	3.84,Not Available for CDP,Not Available for CDP
i3.2xlarge,Asia Pacific (Hong Kong),EC2,i3.2xlarge|Asia Pacific (Hong Kong)|EC2,8,27,61 GiB,1 x 1900 NVMe SSD,$0.82,$	0.36,Not Available for CDP,Not Available for CDP
i3.4xlarge,Asia Pacific (Hong Kong),EC2,i3.4xlarge|Asia Pacific (Hong Kong)|EC2,16,53,122 GiB,2 x 1900 NVMe SSD,$1.65,$	0.72,Not Available for CDP,Not Available for CDP
i3.8xlarge,Asia Pacific (Hong Kong),EC2,i3.8xlarge|Asia Pacific (Hong Kong)|EC2,32,99,244 GiB,4 x 1900 NVMe SSD,$3.30,$	1.44,Not Available for CDP,Not Available for CDP
d2.xlarge,Asia Pacific (Hong Kong),EC2,d2.xlarge|Asia Pacific (Hong Kong)|EC2,4,14,30.5 GiB,3 x 2000 HDD,$0.96,$	0.23,Not Available for CDP,Not Available for CDP
d2.2xlarge,Asia Pacific (Hong Kong),EC2,d2.2xlarge|Asia Pacific (Hong Kong)|EC2,8,28,61 GiB,6 x 2000 HDD,$1.91,$	0.46,Not Available for CDP,Not Available for CDP
d2.4xlarge,Asia Pacific (Hong Kong),EC2,d2.4xlarge|Asia Pacific (Hong Kong)|EC2,16,56,122 GiB,12 x 2000 HDD,$3.83,$	0.92,Not Available for CDP,Not Available for CDP
d2.8xlarge,Asia Pacific (Hong Kong),EC2,d2.8xlarge|Asia Pacific (Hong Kong)|EC2,36,116,244 GiB,24 x 2000 HDD,$7.66,$	1.83,Not Available for CDP,Not Available for CDP
m5.2xlarge,Asia Pacific (Mumbai),EC2,m5.2xlarge|Asia Pacific (Mumbai)|EC2,8,31,32 GiB,EBS Only,$0.40,$	0.24,Not Available for CDP,$	0.68
m5.4xlarge,Asia Pacific (Mumbai),EC2,m5.4xlarge|Asia Pacific (Mumbai)|EC2,16,60,64 GiB,EBS Only,$0.81,$	0.48,Not Available for CDP,$	1.37
m5.8xlarge,Asia Pacific (Mumbai),EC2,m5.8xlarge|Asia Pacific (Mumbai)|EC2,32,131,128 GiB,EBS Only,$1.62,$	0.96,Not Available for CDP,Not Available for CDP
c5.2xlarge,Asia Pacific (Mumbai),EC2,c5.2xlarge|Asia Pacific (Mumbai)|EC2,8,34,16 GiB,EBS Only,$0.34,$	0.18,Not Available for CDP,Not Available for CDP
c5.4xlarge,Asia Pacific (Mumbai),EC2,c5.4xlarge|Asia Pacific (Mumbai)|EC2,16,68,32 GiB,EBS Only,$0.68,$	0.37,Not Available for CDP,Not Available for CDP
c5.9xlarge,Asia Pacific (Mumbai),EC2,c5.9xlarge|Asia Pacific (Mumbai)|EC2,36,141,72 GiB,EBS Only,$1.53,$	0.54,Not Available for CDP,Not Available for CDP
p2.8xlarge,Asia Pacific (Mumbai),EC2,p2.8xlarge|Asia Pacific (Mumbai)|EC2,32,94,488 GiB,EBS Only,$13.74,Not Available for CDP,Not Available for CDP,$	5.22
p2.16xlarge,Asia Pacific (Mumbai),EC2,p2.16xlarge|Asia Pacific (Mumbai)|EC2,64,188,768 GiB,EBS Only,$27.49,Not Available for CDP,Not Available for CDP,$	9.40
r5.2xlarge,Asia Pacific (Mumbai),EC2,r5.2xlarge|Asia Pacific (Mumbai)|EC2,8,38,64 GiB,EBS Only,$0.52,$	0.36,Not Available for CDP,Not Available for CDP
r5.4xlarge,Asia Pacific (Mumbai),EC2,r5.4xlarge|Asia Pacific (Mumbai)|EC2,16,71,128 GiB,EBS Only,$1.04,$	0.72,Not Available for CDP,$	2.05
r5.8xlarge,Asia Pacific (Mumbai),EC2,r5.8xlarge|Asia Pacific (Mumbai)|EC2,32,131,256 GiB,EBS Only,$2.08,$	1.44,Not Available for CDP,Not Available for CDP
r5d.xlarge,Asia Pacific (Mumbai),EC2,r5d.xlarge|Asia Pacific (Mumbai)|EC2,4,19,32 GiB,1 x 150 NVMe SSD,$0.30,$	0.24,Not Available for CDP,Not Available for CDP
r5d.2xlarge,Asia Pacific (Mumbai),EC2,r5d.2xlarge|Asia Pacific (Mumbai)|EC2,8,38,64 GiB,1 x 300 NVMe SSD,$0.60,$	0.48,Not Available for CDP,Not Available for CDP
r5d.4xlarge,Asia Pacific (Mumbai),EC2,r5d.4xlarge|Asia Pacific (Mumbai)|EC2,16,71,128 GiB,2 x 300 NVMe SSD,$1.21,$	0.96,$	0.72,Not Available for CDP
r5d.8xlarge,Asia Pacific (Mumbai),EC2,r5d.8xlarge|Asia Pacific (Mumbai)|EC2,32,131,256 GiB,2 x 600 NVMe SSD,$2.42,$	1.92,Not Available for CDP,Not Available for CDP
r5d.16xlarge,Asia Pacific (Mumbai),EC2,r5d.16xlarge|Asia Pacific (Mumbai)|EC2,64,262,512 GiB,4 x 600 NVMe SSD,$4.83,$	3.84,Not Available for CDP,Not Available for CDP
i3.2xlarge,Asia Pacific (Mumbai),EC2,i3.2xlarge|Asia Pacific (Mumbai)|EC2,8,27,61 GiB,1 x 1900 NVMe SSD,$0.71,$	0.36,Not Available for CDP,Not Available for CDP
i3.4xlarge,Asia Pacific (Mumbai),EC2,i3.4xlarge|Asia Pacific (Mumbai)|EC2,16,53,122 GiB,2 x 1900 NVMe SSD,$1.42,$	0.72,Not Available for CDP,Not Available for CDP
i3.8xlarge,Asia Pacific (Mumbai),EC2,i3.8xlarge|Asia Pacific (Mumbai)|EC2,32,99,244 GiB,4 x 1900 NVMe SSD,$2.83,$	1.44,Not Available for CDP,Not Available for CDP
d2.xlarge,Asia Pacific (Mumbai),EC2,d2.xlarge|Asia Pacific (Mumbai)|EC2,4,14,30.5 GiB,3 x 2000 HDD,$0.83,$	0.23,Not Available for CDP,Not Available for CDP
d2.2xlarge,Asia Pacific (Mumbai),EC2,d2.2xlarge|Asia Pacific (Mumbai)|EC2,8,28,61 GiB,6 x 2000 HDD,$1.65,$	0.46,Not Available for CDP,Not Available for CDP
d2.4xlarge,Asia Pacific (Mumbai),EC2,d2.4xlarge|Asia Pacific (Mumbai)|EC2,16,56,122 GiB,12 x 2000 HDD,$3.31,$	0.92,Not Available for CDP,Not Available for CDP
d2.8xlarge,Asia Pacific (Mumbai),EC2,d2.8xlarge|Asia Pacific (Mumbai)|EC2,36,116,244 GiB,24 x 2000 HDD,$6.61,$	1.83,Not Available for CDP,Not Available for CDP
m5.2xlarge,Asia Pacific (Seoul),EC2,m5.2xlarge|Asia Pacific (Seoul)|EC2,8,31,32 GiB,EBS Only,$0.47,$	0.24,Not Available for CDP,$	0.68
m5.4xlarge,Asia Pacific (Seoul),EC2,m5.4xlarge|Asia Pacific (Seoul)|EC2,16,60,64 GiB,EBS Only,$0.94,$	0.48,Not Available for CDP,$	1.37
m5.8xlarge,Asia Pacific (Seoul),EC2,m5.8xlarge|Asia Pacific (Seoul)|EC2,32,131,128 GiB,EBS Only,$1.89,$	0.96,Not Available for CDP,Not Available for CDP
c5.2xlarge,Asia Pacific (Seoul),EC2,c5.2xlarge|Asia Pacific (Seoul)|EC2,8,34,16 GiB,EBS Only,$0.38,$	0.18,Not Available for CDP,Not Available for CDP
c5.4xlarge,Asia Pacific (Seoul),EC2,c5.4xlarge|Asia Pacific (Seoul)|EC2,16,68,32 GiB,EBS Only,$0.77,$	0.37,Not Available for CDP,Not Available for CDP
c5.9xlarge,Asia Pacific (Seoul),EC2,c5.9xlarge|Asia Pacific (Seoul)|EC2,36,141,72 GiB,EBS Only,$1.73,$	0.54,Not Available for CDP,Not Available for CDP
p3.2xlarge,Asia Pacific (Seoul),EC2,p3.2xlarge|Asia Pacific (Seoul)|EC2,8,26,61 GiB,EBS Only,$4.23,$	0.46,Not Available for CDP,Not Available for CDP
p3.8xlarge,Asia Pacific (Seoul),EC2,p3.8xlarge|Asia Pacific (Seoul)|EC2,32,94,244 GiB,EBS Only,$16.94,$	1.83,Not Available for CDP,$	8.22
p2.8xlarge,Asia Pacific (Seoul),EC2,p2.8xlarge|Asia Pacific (Seoul)|EC2,32,94,488 GiB,EBS Only,$11.72,Not Available for CDP,Not Available for CDP,$	5.22
p2.16xlarge,Asia Pacific (Seoul),EC2,p2.16xlarge|Asia Pacific (Seoul)|EC2,64,188,768 GiB,EBS Only,$23.44,Not Available for CDP,Not Available for CDP,$	9.40
r5.2xlarge,Asia Pacific (Seoul),EC2,r5.2xlarge|Asia Pacific (Seoul)|EC2,8,38,64 GiB,EBS Only,$0.61,$	0.36,Not Available for CDP,Not Available for CDP
r5.4xlarge,Asia Pacific (Seoul),EC2,r5.4xlarge|Asia Pacific (Seoul)|EC2,16,71,128 GiB,EBS Only,$1.22,$	0.72,Not Available for CDP,$	2.05
r5.8xlarge,Asia Pacific (Seoul),EC2,r5.8xlarge|Asia Pacific (Seoul)|EC2,32,131,256 GiB,EBS Only,$2.43,$	1.44,Not Available for CDP,Not Available for CDP
r5d.xlarge,Asia Pacific (Seoul),EC2,r5d.xlarge|Asia Pacific (Seoul)|EC2,4,19,32 GiB,1 x 150 NVMe SSD,$0.35,$	0.24,Not Available for CDP,Not Available for CDP
r5d.2xlarge,Asia Pacific (Seoul),EC2,r5d.2xlarge|Asia Pacific (Seoul)|EC2,8,38,64 GiB,1 x 300 NVMe SSD,$0.69,$	0.48,Not Available for CDP,Not Available for CDP
r5d.4xlarge,Asia Pacific (Seoul),EC2,r5d.4xlarge|Asia Pacific (Seoul)|EC2,16,71,128 GiB,2 x 300 NVMe SSD,$1.38,$	0.96,$	0.72,Not Available for CDP
r5d.8xlarge,Asia Pacific (Seoul),EC2,r5d.8xlarge|Asia Pacific (Seoul)|EC2,32,131,256 GiB,2 x 600 NVMe SSD,$2.77,$	1.92,Not Available for CDP,Not Available for CDP
r5d.16xlarge,Asia Pacific (Seoul),EC2,r5d.16xlarge|Asia Pacific (Seoul)|EC2,64,262,512 GiB,4 x 600 NVMe SSD,$5.54,$	3.84,Not Available for CDP,Not Available for CDP
i3.2xlarge,Asia Pacific (Seoul),EC2,i3.2xlarge|Asia Pacific (Seoul)|EC2,8,27,61 GiB,1 x 1900 NVMe SSD,$0.73,$	0.36,Not Available for CDP,Not Available for CDP
i3.4xlarge,Asia Pacific (Seoul),EC2,i3.4xlarge|Asia Pacific (Seoul)|EC2,16,53,122 GiB,2 x 1900 NVMe SSD,$1.46,$	0.72,Not Available for CDP,Not Available for CDP
i3.8xlarge,Asia Pacific (Seoul),EC2,i3.8xlarge|Asia Pacific (Seoul)|EC2,32,99,244 GiB,4 x 1900 NVMe SSD,$2.93,$	1.44,Not Available for CDP,Not Available for CDP
d2.xlarge,Asia Pacific (Seoul),EC2,d2.xlarge|Asia Pacific (Seoul)|EC2,4,14,30.5 GiB,3 x 2000 HDD,$0.84,$	0.23,Not Available for CDP,Not Available for CDP
d2.2xlarge,Asia Pacific (Seoul),EC2,d2.2xlarge|Asia Pacific (Seoul)|EC2,8,28,61 GiB,6 x 2000 HDD,$1.69,$	0.46,Not Available for CDP,Not Available for CDP
d2.4xlarge,Asia Pacific (Seoul),EC2,d2.4xlarge|Asia Pacific (Seoul)|EC2,16,56,122 GiB,12 x 2000 HDD,$3.38,$	0.92,Not Available for CDP,Not Available for CDP
d2.8xlarge,Asia Pacific (Seoul),EC2,d2.8xlarge|Asia Pacific (Seoul)|EC2,36,116,244 GiB,24 x 2000 HDD,$6.75,$	1.83,Not Available for CDP,Not Available for CDP
m5.2xlarge,Asia Pacific (Singapore),EC2,m5.2xlarge|Asia Pacific (Singapore)|EC2,8,31,32 GiB,EBS Only,$0.48,$	0.24,Not Available for CDP,$	0.68
m5.4xlarge,Asia Pacific (Singapore),EC2,m5.4xlarge|Asia Pacific (Singapore)|EC2,16,60,64 GiB,EBS Only,$0.96,$	0.48,Not Available for CDP,$	1.37
m5.8xlarge,Asia Pacific (Singapore),EC2,m5.8xlarge|Asia Pacific (Singapore)|EC2,32,131,128 GiB,EBS Only,$1.92,$	0.96,Not Available for CDP,Not Available for CDP
c5.2xlarge,Asia Pacific (Singapore),EC2,c5.2xlarge|Asia Pacific (Singapore)|EC2,8,34,16 GiB,EBS Only,$0.39,$	0.18,Not Available for CDP,Not Available for CDP
c5.4xlarge,Asia Pacific (Singapore),EC2,c5.4xlarge|Asia Pacific (Singapore)|EC2,16,68,32 GiB,EBS Only,$0.78,$	0.37,Not Available for CDP,Not Available for CDP
c5.9xlarge,Asia Pacific (Singapore),EC2,c5.9xlarge|Asia Pacific (Singapore)|EC2,36,141,72 GiB,EBS Only,$1.76,$	0.54,Not Available for CDP,Not Available for CDP
p3.2xlarge,Asia Pacific (Singapore),EC2,p3.2xlarge|Asia Pacific (Singapore)|EC2,8,26,61 GiB,EBS Only,$4.23,$	0.46,Not Available for CDP,Not Available for CDP
p3.8xlarge,Asia Pacific (Singapore),EC2,p3.8xlarge|Asia Pacific (Singapore)|EC2,32,94,244 GiB,EBS Only,$16.94,$	1.83,Not Available for CDP,$	8.22
p2.8xlarge,Asia Pacific (Singapore),EC2,p2.8xlarge|Asia Pacific (Singapore)|EC2,32,94,488 GiB,EBS Only,$13.74,Not Available for CDP,Not Available for CDP,$	5.22
p2.16xlarge,Asia Pacific (Singapore),EC2,p2.16xlarge|Asia Pacific (Singapore)|EC2,64,188,768 GiB,EBS Only,$27.49,Not Available for CDP,Not Available for CDP,$	9.40
r5.2xlarge,Asia Pacific (Singapore),EC2,r5.2xlarge|Asia Pacific (Singapore)|EC2,8,38,64 GiB,EBS Only,$0.61,$	0.36,Not Available for CDP,Not Available for CDP
r5.4xlarge,Asia Pacific (Singapore),EC2,r5.4xlarge|Asia Pacific (Singapore)|EC2,16,71,128 GiB,EBS Only,$1.22,$	0.72,Not Available for CDP,$	2.05
r5.8xlarge,Asia Pacific (Singapore),EC2,r5.8xlarge|Asia Pacific (Singapore)|EC2,32,131,256 GiB,EBS Only,$2.43,$	1.44,Not Available for CDP,Not Available for CDP
r5d.xlarge,Asia Pacific (Singapore),EC2,r5d.xlarge|Asia Pacific (Singapore)|EC2,4,19,32 GiB,1 x 150 NVMe SSD,$0.35,$	0.24,Not Available for CDP,Not Available for CDP
r5d.2xlarge,Asia Pacific (Singapore),EC2,r5d.2xlarge|Asia Pacific (Singapore)|EC2,8,38,64 GiB,1 x 300 NVMe SSD,$0.70,$	0.48,Not Available for CDP,Not Available for CDP
r5d.4xlarge,Asia Pacific (Singapore),EC2,r5d.4xlarge|Asia Pacific (Singapore)|EC2,16,71,128 GiB,2 x 300 NVMe SSD,$1.39,$	0.96,$	0.72,Not Available for CDP
r5d.8xlarge,Asia Pacific (Singapore),EC2,r5d.8xlarge|Asia Pacific (Singapore)|EC2,32,131,256 GiB,2 x 600 NVMe SSD,$2.78,$	1.92,Not Available for CDP,Not Available for CDP
r5d.16xlarge,Asia Pacific (Singapore),EC2,r5d.16xlarge|Asia Pacific (Singapore)|EC2,64,262,512 GiB,4 x 600 NVMe SSD,$5.57,$	3.84,Not Available for CDP,Not Available for CDP
i3.2xlarge,Asia Pacific (Singapore),EC2,i3.2xlarge|Asia Pacific (Singapore)|EC2,8,27,61 GiB,1 x 1900 NVMe SSD,$0.75,$	0.36,Not Available for CDP,Not Available for CDP
i3.4xlarge,Asia Pacific (Singapore),EC2,i3.4xlarge|Asia Pacific (Singapore)|EC2,16,53,122 GiB,2 x 1900 NVMe SSD,$1.50,$	0.72,Not Available for CDP,Not Available for CDP
i3.8xlarge,Asia Pacific (Singapore),EC2,i3.8xlarge|Asia Pacific (Singapore)|EC2,32,99,244 GiB,4 x 1900 NVMe SSD,$2.99,$	1.44,Not Available for CDP,Not Available for CDP
d2.xlarge,Asia Pacific (Singapore),EC2,d2.xlarge|Asia Pacific (Singapore)|EC2,4,14,30.5 GiB,3 x 2000 HDD,$0.87,$	0.23,Not Available for CDP,Not Available for CDP
d2.2xlarge,Asia Pacific (Singapore),EC2,d2.2xlarge|Asia Pacific (Singapore)|EC2,8,28,61 GiB,6 x 2000 HDD,$1.74,$	0.46,Not Available for CDP,Not Available for CDP
d2.4xlarge,Asia Pacific (Singapore),EC2,d2.4xlarge|Asia Pacific (Singapore)|EC2,16,56,122 GiB,12 x 2000 HDD,$3.48,$	0.92,Not Available for CDP,Not Available for CDP
d2.8xlarge,Asia Pacific (Singapore),EC2,d2.8xlarge|Asia Pacific (Singapore)|EC2,36,116,244 GiB,24 x 2000 HDD,$6.96,$	1.83,Not Available for CDP,Not Available for CDP
m5.2xlarge,Asia Pacific (Sydney),EC2,m5.2xlarge|Asia Pacific (Sydney)|EC2,8,31,32 GiB,EBS Only,$0.48,$	0.24,Not Available for CDP,$	0.68
m5.4xlarge,Asia Pacific (Sydney),EC2,m5.4xlarge|Asia Pacific (Sydney)|EC2,16,60,64 GiB,EBS Only,$0.96,$	0.48,Not Available for CDP,$	1.37
m5.8xlarge,Asia Pacific (Sydney),EC2,m5.8xlarge|Asia Pacific (Sydney)|EC2,32,131,128 GiB,EBS Only,$1.92,$	0.96,Not Available for CDP,Not Available for CDP
c5.2xlarge,Asia Pacific (Sydney),EC2,c5.2xlarge|Asia Pacific (Sydney)|EC2,8,34,16 GiB,EBS Only,$0.44,$	0.18,Not Available for CDP,Not Available for CDP
c5.4xlarge,Asia Pacific (Sydney),EC2,c5.4xlarge|Asia Pacific (Sydney)|EC2,16,68,32 GiB,EBS Only,$0.89,$	0.37,Not Available for CDP,Not Available for CDP
c5.9xlarge,Asia Pacific (Sydney),EC2,c5.9xlarge|Asia Pacific (Sydney)|EC2,36,141,72 GiB,EBS Only,$2.00,$	0.54,Not Available for CDP,Not Available for CDP
p3.2xlarge,Asia Pacific (Sydney),EC2,p3.2xlarge|Asia Pacific (Sydney)|EC2,8,26,61 GiB,EBS Only,$4.23,$	0.46,Not Available for CDP,Not Available for CDP
p3.8xlarge,Asia Pacific (Sydney),EC2,p3.8xlarge|Asia Pacific (Sydney)|EC2,32,94,244 GiB,EBS Only,$16.94,$	1.83,Not Available for CDP,$	8.22
p2.8xlarge,Asia Pacific (Sydney),EC2,p2.8xlarge|Asia Pacific (Sydney)|EC2,32,94,488 GiB,EBS Only,$12.34,Not Available for CDP,Not Available for CDP,$	5.22
p2.16xlarge,Asia Pacific (Sydney),EC2,p2.16xlarge|Asia Pacific (Sydney)|EC2,64,188,768 GiB,EBS Only,$24.67,Not Available for CDP,Not Available for CDP,$	9.40
r5.2xlarge,Asia Pacific (Sydney),EC2,r5.2xlarge|Asia Pacific (Sydney)|EC2,8,38,64 GiB,EBS Only,$0.60,$	0.36,Not Available for CDP,Not Available for CDP
r5.4xlarge,Asia Pacific (Sydney),EC2,r5.4xlarge|Asia Pacific (Sydney)|EC2,16,71,128 GiB,EBS Only,$1.21,$	0.72,Not Available for CDP,$	2.05
r5.8xlarge,Asia Pacific (Sydney),EC2,r5.8xlarge|Asia Pacific (Sydney)|EC2,32,131,256 GiB,EBS Only,$2.42,$	1.44,Not Available for CDP,Not Available for CDP
r5d.xlarge,Asia Pacific (Sydney),EC2,r5d.xlarge|Asia Pacific (Sydney)|EC2,4,19,32 GiB,1 x 150 NVMe SSD,$0.35,$	0.24,Not Available for CDP,Not Available for CDP
r5d.2xlarge,Asia Pacific (Sydney),EC2,r5d.2xlarge|Asia Pacific (Sydney)|EC2,8,38,64 GiB,1 x 300 NVMe SSD,$0.70,$	0.48,Not Available for CDP,Not Available for CDP
r5d.4xlarge,Asia Pacific (Sydney),EC2,r5d.4xlarge|Asia Pacific (Sydney)|EC2,16,71,128 GiB,2 x 300 NVMe SSD,$1.39,$	0.96,$	0.72,Not Available for CDP
r5d.8xlarge,Asia Pacific (Sydney),EC2,r5d.8xlarge|Asia Pacific (Sydney)|EC2,32,131,256 GiB,2 x 600 NVMe SSD,$2.78,$	1.92,Not Available for CDP,Not Available for CDP
r5d.16xlarge,Asia Pacific (Sydney),EC2,r5d.16xlarge|Asia Pacific (Sydney)|EC2,64,262,512 GiB,4 x 600 NVMe SSD,$5.57,$	3.84,Not Available for CDP,Not Available for CDP
i3.2xlarge,Asia Pacific (Sydney),EC2,i3.2xlarge|Asia Pacific (Sydney)|EC2,8,27,61 GiB,1 x 1900 NVMe SSD,$0.75,$	0.36,Not Available for CDP,Not Available for CDP
i3.4xlarge,Asia Pacific (Sydney),EC2,i3.4xlarge|Asia Pacific (Sydney)|EC2,16,53,122 GiB,2 x 1900 NVMe SSD,$1.50,$	0.72,Not Available for CDP,Not Available for CDP
i3.8xlarge,Asia Pacific (Sydney),EC2,i3.8xlarge|Asia Pacific (Sydney)|EC2,32,99,244 GiB,4 x 1900 NVMe SSD,$2.99,$	1.44,Not Available for CDP,Not Available for CDP
d2.xlarge,Asia Pacific (Sydney),EC2,d2.xlarge|Asia Pacific (Sydney)|EC2,4,14,30.5 GiB,3 x 2000 HDD,$0.87,$	0.23,Not Available for CDP,Not Available for CDP
d2.2xlarge,Asia Pacific (Sydney),EC2,d2.2xlarge|Asia Pacific (Sydney)|EC2,8,28,61 GiB,6 x 2000 HDD,$1.74,$	0.46,Not Available for CDP,Not Available for CDP
d2.4xlarge,Asia Pacific (Sydney),EC2,d2.4xlarge|Asia Pacific (Sydney)|EC2,16,56,122 GiB,12 x 2000 HDD,$3.48,$	0.92,Not Available for CDP,Not Available for CDP
d2.8xlarge,Asia Pacific (Sydney),EC2,d2.8xlarge|Asia Pacific (Sydney)|EC2,36,116,244 GiB,24 x 2000 HDD,$6.96,$	1.83,Not Available for CDP,Not Available for CDP
m5.2xlarge,Asia Pacific (Tokyo),EC2,m5.2xlarge|Asia Pacific (Tokyo)|EC2,8,31,32 GiB,EBS Only,$0.50,$	0.24,Not Available for CDP,$	0.68
m5.4xlarge,Asia Pacific (Tokyo),EC2,m5.4xlarge|Asia Pacific (Tokyo)|EC2,16,60,64 GiB,EBS Only,$0.99,$	0.48,Not Available for CDP,$	1.37
m5.8xlarge,Asia Pacific (Tokyo),EC2,m5.8xlarge|Asia Pacific (Tokyo)|EC2,32,131,128 GiB,EBS Only,$1.98,$	0.96,Not Available for CDP,Not Available for CDP
c5.2xlarge,Asia Pacific (Tokyo),EC2,c5.2xlarge|Asia Pacific (Tokyo)|EC2,8,34,16 GiB,EBS Only,$0.43,$	0.18,Not Available for CDP,Not Available for CDP
c5.4xlarge,Asia Pacific (Tokyo),EC2,c5.4xlarge|Asia Pacific (Tokyo)|EC2,16,68,32 GiB,EBS Only,$0.86,$	0.37,Not Available for CDP,Not Available for CDP
c5.9xlarge,Asia Pacific (Tokyo),EC2,c5.9xlarge|Asia Pacific (Tokyo)|EC2,36,141,72 GiB,EBS Only,$1.93,$	0.54,Not Available for CDP,Not Available for CDP
p3.2xlarge,Asia Pacific (Tokyo),EC2,p3.2xlarge|Asia Pacific (Tokyo)|EC2,8,26,61 GiB,EBS Only,$4.19,$	0.46,Not Available for CDP,Not Available for CDP
p3.8xlarge,Asia Pacific (Tokyo),EC2,p3.8xlarge|Asia Pacific (Tokyo)|EC2,32,94,244 GiB,EBS Only,$16.78,$	1.83,Not Available for CDP,$	8.22
p2.8xlarge,Asia Pacific (Tokyo),EC2,p2.8xlarge|Asia Pacific (Tokyo)|EC2,32,94,488 GiB,EBS Only,$12.34,Not Available for CDP,Not Available for CDP,$	5.22
p2.16xlarge,Asia Pacific (Tokyo),EC2,p2.16xlarge|Asia Pacific (Tokyo)|EC2,64,188,768 GiB,EBS Only,$24.67,Not Available for CDP,Not Available for CDP,$	9.40
r5.2xlarge,Asia Pacific (Tokyo),EC2,r5.2xlarge|Asia Pacific (Tokyo)|EC2,8,38,64 GiB,EBS Only,$0.61,$	0.36,Not Available for CDP,Not Available for CDP
r5.4xlarge,Asia Pacific (Tokyo),EC2,r5.4xlarge|Asia Pacific (Tokyo)|EC2,16,71,128 GiB,EBS Only,$1.22,$	0.72,Not Available for CDP,$	2.05
r5.8xlarge,Asia Pacific (Tokyo),EC2,r5.8xlarge|Asia Pacific (Tokyo)|EC2,32,131,256 GiB,EBS Only,$2.43,$	1.44,Not Available for CDP,Not Available for CDP
r5d.xlarge,Asia Pacific (Tokyo),EC2,r5d.xlarge|Asia Pacific (Tokyo)|EC2,4,19,32 GiB,1 x 150 NVMe SSD,$0.35,$	0.24,Not Available for CDP,Not Available for CDP
r5d.2xlarge,Asia Pacific (Tokyo),EC2,r5d.2xlarge|Asia Pacific (Tokyo)|EC2,8,38,64 GiB,1 x 300 NVMe SSD,$0.70,$	0.48,Not Available for CDP,Not Available for CDP
r5d.4xlarge,Asia Pacific (Tokyo),EC2,r5d.4xlarge|Asia Pacific (Tokyo)|EC2,16,71,128 GiB,2 x 300 NVMe SSD,$1.39,$	0.96,$	0.72,Not Available for CDP
r5d.8xlarge,Asia Pacific (Tokyo),EC2,r5d.8xlarge|Asia Pacific (Tokyo)|EC2,32,131,256 GiB,2 x 600 NVMe SSD,$2.78,$	1.92,Not Available for CDP,Not Available for CDP
r5d.16xlarge,Asia Pacific (Tokyo),EC2,r5d.16xlarge|Asia Pacific (Tokyo)|EC2,64,262,512 GiB,4 x 600 NVMe SSD,$5.57,$	3.84,Not Available for CDP,Not Available for CDP
i3.2xlarge,Asia Pacific (Tokyo),EC2,i3.2xlarge|Asia Pacific (Tokyo)|EC2,8,27,61 GiB,1 x 1900 NVMe SSD,$0.73,$	0.36,Not Available for CDP,Not Available for CDP
i3.4xlarge,Asia Pacific (Tokyo),EC2,i3.4xlarge|Asia Pacific (Tokyo)|EC2,16,53,122 GiB,2 x 1900 NVMe SSD,$1.46,$	0.72,Not Available for CDP,Not Available for CDP
i3.8xlarge,Asia Pacific (Tokyo),EC2,i3.8xlarge|Asia Pacific (Tokyo)|EC2,32,99,244 GiB,4 x 1900 NVMe SSD,$2.93,$	1.44,Not Available for CDP,Not Available for CDP
d2.xlarge,Asia Pacific (Tokyo),EC2,d2.xlarge|Asia Pacific (Tokyo)|EC2,4,14,30.5 GiB,3 x 2000 HDD,$0.84,$	0.23,Not Available for CDP,Not Available for CDP
d2.2xlarge,Asia Pacific (Tokyo),EC2,d2.2xlarge|Asia Pacific (Tokyo)|EC2,8,28,61 GiB,6 x 2000 HDD,$1.69,$	0.46,Not Available for CDP,Not Available for CDP
d2.4xlarge,Asia Pacific (Tokyo),EC2,d2.4xlarge|Asia Pacific (Tokyo)|EC2,16,56,122 GiB,12 x 2000 HDD,$3.38,$	0.92,Not Available for CDP,Not Available for CDP
d2.8xlarge,Asia Pacific (Tokyo),EC2,d2.8xlarge|Asia Pacific (Tokyo)|EC2,36,116,244 GiB,24 x 2000 HDD,$6.75,$	1.83,Not Available for CDP,Not Available for CDP
m5.2xlarge,Canada (Central),EC2,m5.2xlarge|Canada (Central)|EC2,8,31,32 GiB,EBS Only,$0.43,$	0.24,Not Available for CDP,$	0.68
m5.4xlarge,Canada (Central),EC2,m5.4xlarge|Canada (Central)|EC2,16,60,64 GiB,EBS Only,$0.86,$	0.48,Not Available for CDP,$	1.37
m5.8xlarge,Canada (Central),EC2,m5.8xlarge|Canada (Central)|EC2,32,131,128 GiB,EBS Only,$1.71,$	0.96,Not Available for CDP,Not Available for CDP
c5.2xlarge,Canada (Central),EC2,c5.2xlarge|Canada (Central)|EC2,8,34,16 GiB,EBS Only,$0.37,$	0.18,Not Available for CDP,Not Available for CDP
c5.4xlarge,Canada (Central),EC2,c5.4xlarge|Canada (Central)|EC2,16,68,32 GiB,EBS Only,$0.74,$	0.37,Not Available for CDP,Not Available for CDP
c5.9xlarge,Canada (Central),EC2,c5.9xlarge|Canada (Central)|EC2,36,141,72 GiB,EBS Only,$1.67,$	0.54,Not Available for CDP,Not Available for CDP
p3.2xlarge,Canada (Central),EC2,p3.2xlarge|Canada (Central)|EC2,8,26,61 GiB,EBS Only,$3.37,$	0.46,Not Available for CDP,Not Available for CDP
p3.8xlarge,Canada (Central),EC2,p3.8xlarge|Canada (Central)|EC2,32,94,244 GiB,EBS Only,$13.46,$	1.83,Not Available for CDP,$	8.22
r5.2xlarge,Canada (Central),EC2,r5.2xlarge|Canada (Central)|EC2,8,38,64 GiB,EBS Only,$0.55,$	0.36,Not Available for CDP,Not Available for CDP
r5.4xlarge,Canada (Central),EC2,r5.4xlarge|Canada (Central)|EC2,16,71,128 GiB,EBS Only,$1.10,$	0.72,Not Available for CDP,$	2.05
r5.8xlarge,Canada (Central),EC2,r5.8xlarge|Canada (Central)|EC2,32,131,256 GiB,EBS Only,$2.21,$	1.44,Not Available for CDP,Not Available for CDP
r5d.xlarge,Canada (Central),EC2,r5d.xlarge|Canada (Central)|EC2,4,19,32 GiB,1 x 150 NVMe SSD,$0.32,$	0.24,Not Available for CDP,Not Available for CDP
r5d.2xlarge,Canada (Central),EC2,r5d.2xlarge|Canada (Central)|EC2,8,38,64 GiB,1 x 300 NVMe SSD,$0.63,$	0.48,Not Available for CDP,Not Available for CDP
r5d.4xlarge,Canada (Central),EC2,r5d.4xlarge|Canada (Central)|EC2,16,71,128 GiB,2 x 300 NVMe SSD,$1.26,$	0.96,$	0.72,Not Available for CDP
r5d.8xlarge,Canada (Central),EC2,r5d.8xlarge|Canada (Central)|EC2,32,131,256 GiB,2 x 600 NVMe SSD,$2.53,$	1.92,Not Available for CDP,Not Available for CDP
r5d.16xlarge,Canada (Central),EC2,r5d.16xlarge|Canada (Central)|EC2,64,262,512 GiB,4 x 600 NVMe SSD,$5.06,$	3.84,Not Available for CDP,Not Available for CDP
i3.2xlarge,Canada (Central),EC2,i3.2xlarge|Canada (Central)|EC2,8,27,61 GiB,1 x 1900 NVMe SSD,$0.69,$	0.36,Not Available for CDP,Not Available for CDP
i3.4xlarge,Canada (Central),EC2,i3.4xlarge|Canada (Central)|EC2,16,53,122 GiB,2 x 1900 NVMe SSD,$1.38,$	0.72,Not Available for CDP,Not Available for CDP
i3.8xlarge,Canada (Central),EC2,i3.8xlarge|Canada (Central)|EC2,32,99,244 GiB,4 x 1900 NVMe SSD,$2.75,$	1.44,Not Available for CDP,Not Available for CDP
d2.xlarge,Canada (Central),EC2,d2.xlarge|Canada (Central)|EC2,4,14,30.5 GiB,3 x 2000 HDD,$0.76,$	0.23,Not Available for CDP,Not Available for CDP
d2.2xlarge,Canada (Central),EC2,d2.2xlarge|Canada (Central)|EC2,8,28,61 GiB,6 x 2000 HDD,$1.52,$	0.46,Not Available for CDP,Not Available for CDP
d2.4xlarge,Canada (Central),EC2,d2.4xlarge|Canada (Central)|EC2,16,56,122 GiB,12 x 2000 HDD,$3.04,$	0.92,Not Available for CDP,Not Available for CDP
d2.8xlarge,Canada (Central),EC2,d2.8xlarge|Canada (Central)|EC2,36,116,244 GiB,24 x 2000 HDD,$6.07,$	1.83,Not Available for CDP,Not Available for CDP
m5.2xlarge,EU (Frankfurt),EC2,m5.2xlarge|EU (Frankfurt)|EC2,8,31,32 GiB,EBS Only,$0.46,$	0.24,Not Available for CDP,$	0.68
m5.4xlarge,EU (Frankfurt),EC2,m5.4xlarge|EU (Frankfurt)|EC2,16,60,64 GiB,EBS Only,$0.92,$	0.48,Not Available for CDP,$	1.37
m5.8xlarge,EU (Frankfurt),EC2,m5.8xlarge|EU (Frankfurt)|EC2,32,131,128 GiB,EBS Only,$1.84,$	0.96,Not Available for CDP,Not Available for CDP
c5.2xlarge,EU (Frankfurt),EC2,c5.2xlarge|EU (Frankfurt)|EC2,8,34,16 GiB,EBS Only,$0.39,$	0.18,Not Available for CDP,Not Available for CDP
c5.4xlarge,EU (Frankfurt),EC2,c5.4xlarge|EU (Frankfurt)|EC2,16,68,32 GiB,EBS Only,$0.78,$	0.37,Not Available for CDP,Not Available for CDP
c5.9xlarge,EU (Frankfurt),EC2,c5.9xlarge|EU (Frankfurt)|EC2,36,141,72 GiB,EBS Only,$1.75,$	0.54,Not Available for CDP,Not Available for CDP
p3.2xlarge,EU (Frankfurt),EC2,p3.2xlarge|EU (Frankfurt)|EC2,8,26,61 GiB,EBS Only,$3.82,$	0.46,Not Available for CDP,Not Available for CDP
p3.8xlarge,EU (Frankfurt),EC2,p3.8xlarge|EU (Frankfurt)|EC2,32,94,244 GiB,EBS Only,$15.29,$	1.83,Not Available for CDP,$	8.22
p2.8xlarge,EU (Frankfurt),EC2,p2.8xlarge|EU (Frankfurt)|EC2,32,94,488 GiB,EBS Only,$10.61,Not Available for CDP,Not Available for CDP,$	5.22
p2.16xlarge,EU (Frankfurt),EC2,p2.16xlarge|EU (Frankfurt)|EC2,64,188,768 GiB,EBS Only,$21.22,Not Available for CDP,Not Available for CDP,$	9.40
r5.2xlarge,EU (Frankfurt),EC2,r5.2xlarge|EU (Frankfurt)|EC2,8,38,64 GiB,EBS Only,$0.61,$	0.36,Not Available for CDP,Not Available for CDP
r5.4xlarge,EU (Frankfurt),EC2,r5.4xlarge|EU (Frankfurt)|EC2,16,71,128 GiB,EBS Only,$1.22,$	0.72,Not Available for CDP,$	2.05
r5.8xlarge,EU (Frankfurt),EC2,r5.8xlarge|EU (Frankfurt)|EC2,32,131,256 GiB,EBS Only,$2.43,$	1.44,Not Available for CDP,Not Available for CDP
r5d.xlarge,EU (Frankfurt),EC2,r5d.xlarge|EU (Frankfurt)|EC2,4,19,32 GiB,1 x 150 NVMe SSD,$0.35,$	0.24,Not Available for CDP,Not Available for CDP
r5d.2xlarge,EU (Frankfurt),EC2,r5d.2xlarge|EU (Frankfurt)|EC2,8,38,64 GiB,1 x 300 NVMe SSD,$0.69,$	0.48,Not Available for CDP,Not Available for CDP
r5d.4xlarge,EU (Frankfurt),EC2,r5d.4xlarge|EU (Frankfurt)|EC2,16,71,128 GiB,2 x 300 NVMe SSD,$1.38,$	0.96,$	0.72,Not Available for CDP
r5d.8xlarge,EU (Frankfurt),EC2,r5d.8xlarge|EU (Frankfurt)|EC2,32,131,256 GiB,2 x 600 NVMe SSD,$2.77,$	1.92,Not Available for CDP,Not Available for CDP
r5d.16xlarge,EU (Frankfurt),EC2,r5d.16xlarge|EU (Frankfurt)|EC2,64,262,512 GiB,4 x 600 NVMe SSD,$5.54,$	3.84,Not Available for CDP,Not Available for CDP
i3.2xlarge,EU (Frankfurt),EC2,i3.2xlarge|EU (Frankfurt)|EC2,8,27,61 GiB,1 x 1900 NVMe SSD,$0.74,$	0.36,Not Available for CDP,Not Available for CDP
i3.4xlarge,EU (Frankfurt),EC2,i3.4xlarge|EU (Frankfurt)|EC2,16,53,122 GiB,2 x 1900 NVMe SSD,$1.49,$	0.72,Not Available for CDP,Not Available for CDP
i3.8xlarge,EU (Frankfurt),EC2,i3.8xlarge|EU (Frankfurt)|EC2,32,99,244 GiB,4 x 1900 NVMe SSD,$2.98,$	1.44,Not Available for CDP,Not Available for CDP
d2.xlarge,EU (Frankfurt),EC2,d2.xlarge|EU (Frankfurt)|EC2,4,14,30.5 GiB,3 x 2000 HDD,$0.79,$	0.23,Not Available for CDP,Not Available for CDP
d2.2xlarge,EU (Frankfurt),EC2,d2.2xlarge|EU (Frankfurt)|EC2,8,28,61 GiB,6 x 2000 HDD,$1.59,$	0.46,Not Available for CDP,Not Available for CDP
d2.4xlarge,EU (Frankfurt),EC2,d2.4xlarge|EU (Frankfurt)|EC2,16,56,122 GiB,12 x 2000 HDD,$3.18,$	0.92,Not Available for CDP,Not Available for CDP
d2.8xlarge,EU (Frankfurt),EC2,d2.8xlarge|EU (Frankfurt)|EC2,36,116,244 GiB,24 x 2000 HDD,$6.35,$	1.83,Not Available for CDP,Not Available for CDP
m5.2xlarge,EU (Ireland),EC2,m5.2xlarge|EU (Ireland)|EC2,8,31,32 GiB,EBS Only,$0.43,$	0.24,Not Available for CDP,$	0.68
m5.4xlarge,EU (Ireland),EC2,m5.4xlarge|EU (Ireland)|EC2,16,60,64 GiB,EBS Only,$0.86,$	0.48,Not Available for CDP,$	1.37
m5.8xlarge,EU (Ireland),EC2,m5.8xlarge|EU (Ireland)|EC2,32,131,128 GiB,EBS Only,$1.71,$	0.96,Not Available for CDP,Not Available for CDP
c5.2xlarge,EU (Ireland),EC2,c5.2xlarge|EU (Ireland)|EC2,8,34,16 GiB,EBS Only,$0.38,$	0.18,Not Available for CDP,Not Available for CDP
c5.4xlarge,EU (Ireland),EC2,c5.4xlarge|EU (Ireland)|EC2,16,68,32 GiB,EBS Only,$0.77,$	0.37,Not Available for CDP,Not Available for CDP
c5.9xlarge,EU (Ireland),EC2,c5.9xlarge|EU (Ireland)|EC2,36,141,72 GiB,EBS Only,$1.73,$	0.54,Not Available for CDP,Not Available for CDP
p3.2xlarge,EU (Ireland),EC2,p3.2xlarge|EU (Ireland)|EC2,8,26,61 GiB,EBS Only,$3.31,$	0.46,Not Available for CDP,Not Available for CDP
p3.8xlarge,EU (Ireland),EC2,p3.8xlarge|EU (Ireland)|EC2,32,94,244 GiB,EBS Only,$13.22,$	1.83,Not Available for CDP,$	8.22
p2.8xlarge,EU (Ireland),EC2,p2.8xlarge|EU (Ireland)|EC2,32,94,488 GiB,EBS Only,$7.78,Not Available for CDP,Not Available for CDP,$	5.22
p2.16xlarge,EU (Ireland),EC2,p2.16xlarge|EU (Ireland)|EC2,64,188,768 GiB,EBS Only,$15.55,Not Available for CDP,Not Available for CDP,$	9.40
r5.2xlarge,EU (Ireland),EC2,r5.2xlarge|EU (Ireland)|EC2,8,38,64 GiB,EBS Only,$0.56,$	0.36,Not Available for CDP,Not Available for CDP
r5.4xlarge,EU (Ireland),EC2,r5.4xlarge|EU (Ireland)|EC2,16,71,128 GiB,EBS Only,$1.13,$	0.72,Not Available for CDP,$	2.05
r5.8xlarge,EU (Ireland),EC2,r5.8xlarge|EU (Ireland)|EC2,32,131,256 GiB,EBS Only,$2.26,$	1.44,Not Available for CDP,Not Available for CDP
r5d.xlarge,EU (Ireland),EC2,r5d.xlarge|EU (Ireland)|EC2,4,19,32 GiB,1 x 150 NVMe SSD,$0.32,$	0.24,Not Available for CDP,Not Available for CDP
r5d.2xlarge,EU (Ireland),EC2,r5d.2xlarge|EU (Ireland)|EC2,8,38,64 GiB,1 x 300 NVMe SSD,$0.64,$	0.48,Not Available for CDP,Not Available for CDP
r5d.4xlarge,EU (Ireland),EC2,r5d.4xlarge|EU (Ireland)|EC2,16,71,128 GiB,2 x 300 NVMe SSD,$1.28,$	0.96,$	0.72,Not Available for CDP
r5d.8xlarge,EU (Ireland),EC2,r5d.8xlarge|EU (Ireland)|EC2,32,131,256 GiB,2 x 600 NVMe SSD,$2.56,$	1.92,Not Available for CDP,Not Available for CDP
r5d.16xlarge,EU (Ireland),EC2,r5d.16xlarge|EU (Ireland)|EC2,64,262,512 GiB,4 x 600 NVMe SSD,$5.12,$	3.84,Not Available for CDP,Not Available for CDP
i3.2xlarge,EU (Ireland),EC2,i3.2xlarge|EU (Ireland)|EC2,8,27,61 GiB,1 x 1900 NVMe SSD,$0.69,$	0.36,Not Available for CDP,Not Available for CDP
i3.4xlarge,EU (Ireland),EC2,i3.4xlarge|EU (Ireland)|EC2,16,53,122 GiB,2 x 1900 NVMe SSD,$1.38,$	0.72,Not Available for CDP,Not Available for CDP
i3.8xlarge,EU (Ireland),EC2,i3.8xlarge|EU (Ireland)|EC2,32,99,244 GiB,4 x 1900 NVMe SSD,$2.75,$	1.44,Not Available for CDP,Not Available for CDP
h1.2xlarge,EU (Ireland),EC2,h1.2xlarge|EU (Ireland)|EC2,8,26,32 GiB,1 x 2000 HDD,$0.52,$	0.24,Not Available for CDP,Not Available for CDP
h1.4xlarge,EU (Ireland),EC2,h1.4xlarge|EU (Ireland)|EC2,16,53.5,64 GiB,2 x 2000 HDD,$1.04,$	0.48,Not Available for CDP,Not Available for CDP
h1.8xlarge,EU (Ireland),EC2,h1.8xlarge|EU (Ireland)|EC2,32,99,128 GiB,4 x 2000 HDD,$2.08,$	0.96,Not Available for CDP,Not Available for CDP
d2.xlarge,EU (Ireland),EC2,d2.xlarge|EU (Ireland)|EC2,4,14,30.5 GiB,3 x 2000 HDD,$0.74,$	0.23,Not Available for CDP,Not Available for CDP
d2.2xlarge,EU (Ireland),EC2,d2.2xlarge|EU (Ireland)|EC2,8,28,61 GiB,6 x 2000 HDD,$1.47,$	0.46,Not Available for CDP,Not Available for CDP
d2.4xlarge,EU (Ireland),EC2,d2.4xlarge|EU (Ireland)|EC2,16,56,122 GiB,12 x 2000 HDD,$2.94,$	0.92,Not Available for CDP,Not Available for CDP
d2.8xlarge,EU (Ireland),EC2,d2.8xlarge|EU (Ireland)|EC2,36,116,244 GiB,24 x 2000 HDD,$5.88,$	1.83,Not Available for CDP,Not Available for CDP
m5.2xlarge,EU (London),EC2,m5.2xlarge|EU (London)|EC2,8,31,32 GiB,EBS Only,$0.44,$	0.24,Not Available for CDP,$	0.68
m5.4xlarge,EU (London),EC2,m5.4xlarge|EU (London)|EC2,16,60,64 GiB,EBS Only,$0.89,$	0.48,Not Available for CDP,$	1.37
m5.8xlarge,EU (London),EC2,m5.8xlarge|EU (London)|EC2,32,131,128 GiB,EBS Only,$1.78,$	0.96,Not Available for CDP,Not Available for CDP
c5.2xlarge,EU (London),EC2,c5.2xlarge|EU (London)|EC2,8,34,16 GiB,EBS Only,$0.40,$	0.18,Not Available for CDP,Not Available for CDP
c5.4xlarge,EU (London),EC2,c5.4xlarge|EU (London)|EC2,16,68,32 GiB,EBS Only,$0.81,$	0.37,Not Available for CDP,Not Available for CDP
c5.9xlarge,EU (London),EC2,c5.9xlarge|EU (London)|EC2,36,141,72 GiB,EBS Only,$1.82,$	0.54,Not Available for CDP,Not Available for CDP
p3.2xlarge,EU (London),EC2,p3.2xlarge|EU (London)|EC2,8,26,61 GiB,EBS Only,$3.59,$	0.46,Not Available for CDP,Not Available for CDP
p3.8xlarge,EU (London),EC2,p3.8xlarge|EU (London)|EC2,32,94,244 GiB,EBS Only,$14.36,$	1.83,Not Available for CDP,$	8.22
r5.2xlarge,EU (London),EC2,r5.2xlarge|EU (London)|EC2,8,38,64 GiB,EBS Only,$0.59,$	0.36,Not Available for CDP,Not Available for CDP
r5.4xlarge,EU (London),EC2,r5.4xlarge|EU (London)|EC2,16,71,128 GiB,EBS Only,$1.18,$	0.72,Not Available for CDP,$	2.05
r5.8xlarge,EU (London),EC2,r5.8xlarge|EU (London)|EC2,32,131,256 GiB,EBS Only,$2.37,$	1.44,Not Available for CDP,Not Available for CDP
r5d.xlarge,EU (London),EC2,r5d.xlarge|EU (London)|EC2,4,19,32 GiB,1 x 150 NVMe SSD,$0.34,$	0.24,Not Available for CDP,Not Available for CDP
r5d.2xlarge,EU (London),EC2,r5d.2xlarge|EU (London)|EC2,8,38,64 GiB,1 x 300 NVMe SSD,$0.68,$	0.48,Not Available for CDP,Not Available for CDP
r5d.4xlarge,EU (London),EC2,r5d.4xlarge|EU (London)|EC2,16,71,128 GiB,2 x 300 NVMe SSD,$1.35,$	0.96,$	0.72,Not Available for CDP
r5d.8xlarge,EU (London),EC2,r5d.8xlarge|EU (London)|EC2,32,131,256 GiB,2 x 600 NVMe SSD,$2.70,$	1.92,Not Available for CDP,Not Available for CDP
r5d.16xlarge,EU (London),EC2,r5d.16xlarge|EU (London)|EC2,64,262,512 GiB,4 x 600 NVMe SSD,$5.41,$	3.84,Not Available for CDP,Not Available for CDP
i3.2xlarge,EU (London),EC2,i3.2xlarge|EU (London)|EC2,8,27,61 GiB,1 x 1900 NVMe SSD,$0.72,$	0.36,Not Available for CDP,Not Available for CDP
i3.4xlarge,EU (London),EC2,i3.4xlarge|EU (London)|EC2,16,53,122 GiB,2 x 1900 NVMe SSD,$1.45,$	0.72,Not Available for CDP,Not Available for CDP
i3.8xlarge,EU (London),EC2,i3.8xlarge|EU (London)|EC2,32,99,244 GiB,4 x 1900 NVMe SSD,$2.90,$	1.44,Not Available for CDP,Not Available for CDP
d2.xlarge,EU (London),EC2,d2.xlarge|EU (London)|EC2,4,14,30.5 GiB,3 x 2000 HDD,$0.77,$	0.23,Not Available for CDP,Not Available for CDP
d2.2xlarge,EU (London),EC2,d2.2xlarge|EU (London)|EC2,8,28,61 GiB,6 x 2000 HDD,$1.54,$	0.46,Not Available for CDP,Not Available for CDP
d2.4xlarge,EU (London),EC2,d2.4xlarge|EU (London)|EC2,16,56,122 GiB,12 x 2000 HDD,$3.09,$	0.92,Not Available for CDP,Not Available for CDP
d2.8xlarge,EU (London),EC2,d2.8xlarge|EU (London)|EC2,36,116,244 GiB,24 x 2000 HDD,$6.17,$	1.83,Not Available for CDP,Not Available for CDP
m5.2xlarge,EU (Paris),EC2,m5.2xlarge|EU (Paris)|EC2,8,31,32 GiB,EBS Only,$0.45,$	0.24,Not Available for CDP,$	0.68
m5.4xlarge,EU (Paris),EC2,m5.4xlarge|EU (Paris)|EC2,16,60,64 GiB,EBS Only,$0.90,$	0.48,Not Available for CDP,$	1.37
m5.8xlarge,EU (Paris),EC2,m5.8xlarge|EU (Paris)|EC2,32,131,128 GiB,EBS Only,$1.79,$	0.96,Not Available for CDP,Not Available for CDP
c5.2xlarge,EU (Paris),EC2,c5.2xlarge|EU (Paris)|EC2,8,34,16 GiB,EBS Only,$0.40,$	0.18,Not Available for CDP,Not Available for CDP
c5.4xlarge,EU (Paris),EC2,c5.4xlarge|EU (Paris)|EC2,16,68,32 GiB,EBS Only,$0.81,$	0.37,Not Available for CDP,Not Available for CDP
c5.9xlarge,EU (Paris),EC2,c5.9xlarge|EU (Paris)|EC2,36,141,72 GiB,EBS Only,$1.82,$	0.54,Not Available for CDP,Not Available for CDP
r5.2xlarge,EU (Paris),EC2,r5.2xlarge|EU (Paris)|EC2,8,38,64 GiB,EBS Only,$0.59,$	0.36,Not Available for CDP,Not Available for CDP
r5.4xlarge,EU (Paris),EC2,r5.4xlarge|EU (Paris)|EC2,16,71,128 GiB,EBS Only,$1.18,$	0.72,Not Available for CDP,$	2.05
r5.8xlarge,EU (Paris),EC2,r5.8xlarge|EU (Paris)|EC2,32,131,256 GiB,EBS Only,$2.37,$	1.44,Not Available for CDP,Not Available for CDP
r5d.xlarge,EU (Paris),EC2,r5d.xlarge|EU (Paris)|EC2,4,19,32 GiB,1 x 150 NVMe SSD,$0.34,$	0.24,Not Available for CDP,Not Available for CDP
r5d.2xlarge,EU (Paris),EC2,r5d.2xlarge|EU (Paris)|EC2,8,38,64 GiB,1 x 300 NVMe SSD,$0.68,$	0.48,Not Available for CDP,Not Available for CDP
r5d.4xlarge,EU (Paris),EC2,r5d.4xlarge|EU (Paris)|EC2,16,71,128 GiB,2 x 300 NVMe SSD,$1.35,$	0.96,$	0.72,Not Available for CDP
r5d.8xlarge,EU (Paris),EC2,r5d.8xlarge|EU (Paris)|EC2,32,131,256 GiB,2 x 600 NVMe SSD,$2.70,$	1.92,Not Available for CDP,Not Available for CDP
r5d.16xlarge,EU (Paris),EC2,r5d.16xlarge|EU (Paris)|EC2,64,262,512 GiB,4 x 600 NVMe SSD,$5.41,$	3.84,Not Available for CDP,Not Available for CDP
i3.2xlarge,EU (Paris),EC2,i3.2xlarge|EU (Paris)|EC2,8,27,61 GiB,1 x 1900 NVMe SSD,$0.72,$	0.36,Not Available for CDP,Not Available for CDP
i3.4xlarge,EU (Paris),EC2,i3.4xlarge|EU (Paris)|EC2,16,53,122 GiB,2 x 1900 NVMe SSD,$1.45,$	0.72,Not Available for CDP,Not Available for CDP
i3.8xlarge,EU (Paris),EC2,i3.8xlarge|EU (Paris)|EC2,32,99,244 GiB,4 x 1900 NVMe SSD,$2.90,$	1.44,Not Available for CDP,Not Available for CDP
d2.xlarge,EU (Paris),EC2,d2.xlarge|EU (Paris)|EC2,4,14,30.5 GiB,3 x 2000 HDD,$0.77,$	0.23,Not Available for CDP,Not Available for CDP
d2.2xlarge,EU (Paris),EC2,d2.2xlarge|EU (Paris)|EC2,8,28,61 GiB,6 x 2000 HDD,$1.54,$	0.46,Not Available for CDP,Not Available for CDP
d2.4xlarge,EU (Paris),EC2,d2.4xlarge|EU (Paris)|EC2,16,56,122 GiB,12 x 2000 HDD,$3.09,$	0.92,Not Available for CDP,Not Available for CDP
d2.8xlarge,EU (Paris),EC2,d2.8xlarge|EU (Paris)|EC2,36,116,244 GiB,24 x 2000 HDD,$6.18,$	1.83,Not Available for CDP,Not Available for CDP
m5.2xlarge,EU (Stockholm),EC2,m5.2xlarge|EU (Stockholm)|EC2,8,31,32 GiB,EBS Only,$0.41,$	0.24,Not Available for CDP,$	0.68
m5.4xlarge,EU (Stockholm),EC2,m5.4xlarge|EU (Stockholm)|EC2,16,60,64 GiB,EBS Only,$0.82,$	0.48,Not Available for CDP,$	1.37
m5.8xlarge,EU (Stockholm),EC2,m5.8xlarge|EU (Stockholm)|EC2,32,131,128 GiB,EBS Only,$1.63,$	0.96,Not Available for CDP,Not Available for CDP
c5.2xlarge,EU (Stockholm),EC2,c5.2xlarge|EU (Stockholm)|EC2,8,34,16 GiB,EBS Only,$0.36,$	0.18,Not Available for CDP,Not Available for CDP
c5.4xlarge,EU (Stockholm),EC2,c5.4xlarge|EU (Stockholm)|EC2,16,68,32 GiB,EBS Only,$0.73,$	0.37,Not Available for CDP,Not Available for CDP
c5.9xlarge,EU (Stockholm),EC2,c5.9xlarge|EU (Stockholm)|EC2,36,141,72 GiB,EBS Only,$1.64,$	0.54,Not Available for CDP,Not Available for CDP
r5.2xlarge,EU (Stockholm),EC2,r5.2xlarge|EU (Stockholm)|EC2,8,38,64 GiB,EBS Only,$0.54,$	0.36,Not Available for CDP,Not Available for CDP
r5.4xlarge,EU (Stockholm),EC2,r5.4xlarge|EU (Stockholm)|EC2,16,71,128 GiB,EBS Only,$1.07,$	0.72,Not Available for CDP,$	2.05
r5.8xlarge,EU (Stockholm),EC2,r5.8xlarge|EU (Stockholm)|EC2,32,131,256 GiB,EBS Only,$2.14,$	1.44,Not Available for CDP,Not Available for CDP
r5d.xlarge,EU (Stockholm),EC2,r5d.xlarge|EU (Stockholm)|EC2,4,19,32 GiB,1 x 150 NVMe SSD,$0.30,$	0.24,Not Available for CDP,Not Available for CDP
r5d.2xlarge,EU (Stockholm),EC2,r5d.2xlarge|EU (Stockholm)|EC2,8,38,64 GiB,1 x 300 NVMe SSD,$0.61,$	0.48,Not Available for CDP,Not Available for CDP
r5d.4xlarge,EU (Stockholm),EC2,r5d.4xlarge|EU (Stockholm)|EC2,16,71,128 GiB,2 x 300 NVMe SSD,$1.22,$	0.96,$	0.72,Not Available for CDP
r5d.8xlarge,EU (Stockholm),EC2,r5d.8xlarge|EU (Stockholm)|EC2,32,131,256 GiB,2 x 600 NVMe SSD,$2.43,$	1.92,Not Available for CDP,Not Available for CDP
r5d.16xlarge,EU (Stockholm),EC2,r5d.16xlarge|EU (Stockholm)|EC2,64,262,512 GiB,4 x 600 NVMe SSD,$4.86,$	3.84,Not Available for CDP,Not Available for CDP
i3.2xlarge,EU (Stockholm),EC2,i3.2xlarge|EU (Stockholm)|EC2,8,27,61 GiB,1 x 1900 NVMe SSD,$0.65,$	0.36,Not Available for CDP,Not Available for CDP
i3.4xlarge,EU (Stockholm),EC2,i3.4xlarge|EU (Stockholm)|EC2,16,53,122 GiB,2 x 1900 NVMe SSD,$1.30,$	0.72,Not Available for CDP,Not Available for CDP
i3.8xlarge,EU (Stockholm),EC2,i3.8xlarge|EU (Stockholm)|EC2,32,99,244 GiB,4 x 1900 NVMe SSD,$2.61,$	1.44,Not Available for CDP,Not Available for CDP
d2.xlarge,EU (Stockholm),EC2,d2.xlarge|EU (Stockholm)|EC2,4,14,30.5 GiB,3 x 2000 HDD,$0.70,$	0.23,Not Available for CDP,Not Available for CDP
d2.2xlarge,EU (Stockholm),EC2,d2.2xlarge|EU (Stockholm)|EC2,8,28,61 GiB,6 x 2000 HDD,$1.40,$	0.46,Not Available for CDP,Not Available for CDP
d2.4xlarge,EU (Stockholm),EC2,d2.4xlarge|EU (Stockholm)|EC2,16,56,122 GiB,12 x 2000 HDD,$2.79,$	0.92,Not Available for CDP,Not Available for CDP
d2.8xlarge,EU (Stockholm),EC2,d2.8xlarge|EU (Stockholm)|EC2,36,116,244 GiB,24 x 2000 HDD,$5.58,$	1.83,Not Available for CDP,Not Available for CDP
m5.2xlarge,Middle East (Bahrain),EC2,m5.2xlarge|Middle East (Bahrain)|EC2,8,31,32 GiB,EBS Only,$0.47,$	0.24,Not Available for CDP,$	0.68
m5.4xlarge,Middle East (Bahrain),EC2,m5.4xlarge|Middle East (Bahrain)|EC2,16,60,64 GiB,EBS Only,$0.94,$	0.48,Not Available for CDP,$	1.37
m5.8xlarge,Middle East (Bahrain),EC2,m5.8xlarge|Middle East (Bahrain)|EC2,32,131,128 GiB,EBS Only,$1.88,$	0.96,Not Available for CDP,Not Available for CDP
c5.2xlarge,Middle East (Bahrain),EC2,c5.2xlarge|Middle East (Bahrain)|EC2,8,34,16 GiB,EBS Only,$0.42,$	0.18,Not Available for CDP,Not Available for CDP
c5.4xlarge,Middle East (Bahrain),EC2,c5.4xlarge|Middle East (Bahrain)|EC2,16,68,32 GiB,EBS Only,$0.85,$	0.37,Not Available for CDP,Not Available for CDP
c5.9xlarge,Middle East (Bahrain),EC2,c5.9xlarge|Middle East (Bahrain)|EC2,36,141,72 GiB,EBS Only,$1.90,$	0.54,Not Available for CDP,Not Available for CDP
r5.2xlarge,Middle East (Bahrain),EC2,r5.2xlarge|Middle East (Bahrain)|EC2,8,38,64 GiB,EBS Only,$0.62,$	0.36,Not Available for CDP,Not Available for CDP
r5.4xlarge,Middle East (Bahrain),EC2,r5.4xlarge|Middle East (Bahrain)|EC2,16,71,128 GiB,EBS Only,$1.24,$	0.72,Not Available for CDP,$	2.05
r5.8xlarge,Middle East (Bahrain),EC2,r5.8xlarge|Middle East (Bahrain)|EC2,32,131,256 GiB,EBS Only,$2.48,$	1.44,Not Available for CDP,Not Available for CDP
r5d.xlarge,Middle East (Bahrain),EC2,r5d.xlarge|Middle East (Bahrain)|EC2,4,19,32 GiB,1 x 150 NVMe SSD,$0.35,$	0.24,Not Available for CDP,Not Available for CDP
r5d.2xlarge,Middle East (Bahrain),EC2,r5d.2xlarge|Middle East (Bahrain)|EC2,8,38,64 GiB,1 x 300 NVMe SSD,$0.70,$	0.48,Not Available for CDP,Not Available for CDP
r5d.4xlarge,Middle East (Bahrain),EC2,r5d.4xlarge|Middle East (Bahrain)|EC2,16,71,128 GiB,2 x 300 NVMe SSD,$1.41,$	0.96,$	0.72,Not Available for CDP
r5d.8xlarge,Middle East (Bahrain),EC2,r5d.8xlarge|Middle East (Bahrain)|EC2,32,131,256 GiB,2 x 600 NVMe SSD,$2.82,$	1.92,Not Available for CDP,Not Available for CDP
r5d.16xlarge,Middle East (Bahrain),EC2,r5d.16xlarge|Middle East (Bahrain)|EC2,64,262,512 GiB,4 x 600 NVMe SSD,$5.63,$	3.84,Not Available for CDP,Not Available for CDP
i3.2xlarge,Middle East (Bahrain),EC2,i3.2xlarge|Middle East (Bahrain)|EC2,8,27,61 GiB,1 x 1900 NVMe SSD,$0.76,$	0.36,Not Available for CDP,Not Available for CDP
i3.4xlarge,Middle East (Bahrain),EC2,i3.4xlarge|Middle East (Bahrain)|EC2,16,53,122 GiB,2 x 1900 NVMe SSD,$1.51,$	0.72,Not Available for CDP,Not Available for CDP
i3.8xlarge,Middle East (Bahrain),EC2,i3.8xlarge|Middle East (Bahrain)|EC2,32,99,244 GiB,4 x 1900 NVMe SSD,$3.03,$	1.44,Not Available for CDP,Not Available for CDP
d2.xlarge,Middle East (Bahrain),EC2,d2.xlarge|Middle East (Bahrain)|EC2,4,14,30.5 GiB,3 x 2000 HDD,$0.81,$	0.23,Not Available for CDP,Not Available for CDP
d2.2xlarge,Middle East (Bahrain),EC2,d2.2xlarge|Middle East (Bahrain)|EC2,8,28,61 GiB,6 x 2000 HDD,$1.62,$	0.46,Not Available for CDP,Not Available for CDP
d2.4xlarge,Middle East (Bahrain),EC2,d2.4xlarge|Middle East (Bahrain)|EC2,16,56,122 GiB,12 x 2000 HDD,$3.23,$	0.92,Not Available for CDP,Not Available for CDP
d2.8xlarge,Middle East (Bahrain),EC2,d2.8xlarge|Middle East (Bahrain)|EC2,36,116,244 GiB,24 x 2000 HDD,$6.47,$	1.83,Not Available for CDP,Not Available for CDP
m5.2xlarge,South America (Sao Paulo),EC2,m5.2xlarge|South America (Sao Paulo)|EC2,8,31,32 GiB,EBS Only,$0.61,$	0.24,Not Available for CDP,$	0.68
m5.4xlarge,South America (Sao Paulo),EC2,m5.4xlarge|South America (Sao Paulo)|EC2,16,60,64 GiB,EBS Only,$1.22,$	0.48,Not Available for CDP,$	1.37
m5.8xlarge,South America (Sao Paulo),EC2,m5.8xlarge|South America (Sao Paulo)|EC2,32,131,128 GiB,EBS Only,$2.45,$	0.96,Not Available for CDP,Not Available for CDP
c5.2xlarge,South America (Sao Paulo),EC2,c5.2xlarge|South America (Sao Paulo)|EC2,8,34,16 GiB,EBS Only,$0.52,$	0.18,Not Available for CDP,Not Available for CDP
c5.4xlarge,South America (Sao Paulo),EC2,c5.4xlarge|South America (Sao Paulo)|EC2,16,68,32 GiB,EBS Only,$1.05,$	0.37,Not Available for CDP,Not Available for CDP
c5.9xlarge,South America (Sao Paulo),EC2,c5.9xlarge|South America (Sao Paulo)|EC2,36,141,72 GiB,EBS Only,$2.36,$	0.54,Not Available for CDP,Not Available for CDP
i3.2xlarge,South America (Sao Paulo),EC2,i3.2xlarge|South America (Sao Paulo)|EC2,8,27,61 GiB,1 x 1900 NVMe SSD,$1.14,$	0.36,Not Available for CDP,Not Available for CDP
i3.4xlarge,South America (Sao Paulo),EC2,i3.4xlarge|South America (Sao Paulo)|EC2,16,53,122 GiB,2 x 1900 NVMe SSD,$2.29,$	0.72,Not Available for CDP,Not Available for CDP
i3.8xlarge,South America (Sao Paulo),EC2,i3.8xlarge|South America (Sao Paulo)|EC2,32,99,244 GiB,4 x 1900 NVMe SSD,$4.58,$	1.44,Not Available for CDP,Not Available for CDP
m5.2xlarge,AWS GovCloud (US-East),EC2,m5.2xlarge|AWS GovCloud (US-East)|EC2,8,31,32 GiB,EBS Only,$0.48,$	0.24,Not Available for CDP,$	0.68
m5.4xlarge,AWS GovCloud (US-East),EC2,m5.4xlarge|AWS GovCloud (US-East)|EC2,16,60,64 GiB,EBS Only,$0.97,$	0.48,Not Available for CDP,$	1.37
m5.8xlarge,AWS GovCloud (US-East),EC2,m5.8xlarge|AWS GovCloud (US-East)|EC2,32,131,128 GiB,EBS Only,$1.94,$	0.96,Not Available for CDP,Not Available for CDP
c5.2xlarge,AWS GovCloud (US-East),EC2,c5.2xlarge|AWS GovCloud (US-East)|EC2,8,34,16 GiB,EBS Only,$0.41,$	0.18,Not Available for CDP,Not Available for CDP
c5.4xlarge,AWS GovCloud (US-East),EC2,c5.4xlarge|AWS GovCloud (US-East)|EC2,16,68,32 GiB,EBS Only,$0.82,$	0.37,Not Available for CDP,Not Available for CDP
c5.9xlarge,AWS GovCloud (US-East),EC2,c5.9xlarge|AWS GovCloud (US-East)|EC2,36,141,72 GiB,EBS Only,$1.84,$	0.54,Not Available for CDP,Not Available for CDP
r5.2xlarge,AWS GovCloud (US-East),EC2,r5.2xlarge|AWS GovCloud (US-East)|EC2,8,38,64 GiB,EBS Only,$0.60,$	0.36,Not Available for CDP,Not Available for CDP
r5.4xlarge,AWS GovCloud (US-East),EC2,r5.4xlarge|AWS GovCloud (US-East)|EC2,16,71,128 GiB,EBS Only,$1.21,$	0.72,Not Available for CDP,$	2.05
r5.8xlarge,AWS GovCloud (US-East),EC2,r5.8xlarge|AWS GovCloud (US-East)|EC2,32,131,256 GiB,EBS Only,$2.42,$	1.44,Not Available for CDP,Not Available for CDP
r5d.xlarge,AWS GovCloud (US-East),EC2,r5d.xlarge|AWS GovCloud (US-East)|EC2,4,19,32 GiB,1 x 150 NVMe SSD,$0.35,$	0.24,Not Available for CDP,Not Available for CDP
r5d.2xlarge,AWS GovCloud (US-East),EC2,r5d.2xlarge|AWS GovCloud (US-East)|EC2,8,38,64 GiB,1 x 300 NVMe SSD,$0.69,$	0.48,Not Available for CDP,Not Available for CDP
r5d.4xlarge,AWS GovCloud (US-East),EC2,r5d.4xlarge|AWS GovCloud (US-East)|EC2,16,71,128 GiB,2 x 300 NVMe SSD,$1.38,$	0.96,$	0.72,Not Available for CDP
r5d.8xlarge,AWS GovCloud (US-East),EC2,r5d.8xlarge|AWS GovCloud (US-East)|EC2,32,131,256 GiB,2 x 600 NVMe SSD,$2.77,$	1.92,Not Available for CDP,Not Available for CDP
r5d.16xlarge,AWS GovCloud (US-East),EC2,r5d.16xlarge|AWS GovCloud (US-East)|EC2,64,262,512 GiB,4 x 600 NVMe SSD,$5.54,$	3.84,Not Available for CDP,Not Available for CDP
i3.2xlarge,AWS GovCloud (US-East),EC2,i3.2xlarge|AWS GovCloud (US-East)|EC2,8,27,61 GiB,1 x 1900 NVMe SSD,$0.75,$	0.36,Not Available for CDP,Not Available for CDP
i3.4xlarge,AWS GovCloud (US-East),EC2,i3.4xlarge|AWS GovCloud (US-East)|EC2,16,53,122 GiB,2 x 1900 NVMe SSD,$1.50,$	0.72,Not Available for CDP,Not Available for CDP
i3.8xlarge,AWS GovCloud (US-East),EC2,i3.8xlarge|AWS GovCloud (US-East)|EC2,32,99,244 GiB,4 x 1900 NVMe SSD,$3.01,$	1.44,Not Available for CDP,Not Available for CDP
m5.2xlarge,AWS GovCloud (US-West),EC2,m5.2xlarge|AWS GovCloud (US-West)|EC2,8,31,32 GiB,EBS Only,$0.48,$	0.24,Not Available for CDP,$	0.68
m5.4xlarge,AWS GovCloud (US-West),EC2,m5.4xlarge|AWS GovCloud (US-West)|EC2,16,60,64 GiB,EBS Only,$0.97,$	0.48,Not Available for CDP,$	1.37
m5.8xlarge,AWS GovCloud (US-West),EC2,m5.8xlarge|AWS GovCloud (US-West)|EC2,32,131,128 GiB,EBS Only,$1.94,$	0.96,Not Available for CDP,Not Available for CDP
c5.2xlarge,AWS GovCloud (US-West),EC2,c5.2xlarge|AWS GovCloud (US-West)|EC2,8,34,16 GiB,EBS Only,$0.41,$	0.18,Not Available for CDP,Not Available for CDP
c5.4xlarge,AWS GovCloud (US-West),EC2,c5.4xlarge|AWS GovCloud (US-West)|EC2,16,68,32 GiB,EBS Only,$0.82,$	0.37,Not Available for CDP,Not Available for CDP
c5.9xlarge,AWS GovCloud (US-West),EC2,c5.9xlarge|AWS GovCloud (US-West)|EC2,36,141,72 GiB,EBS Only,$1.84,$	0.54,Not Available for CDP,Not Available for CDP
p3.2xlarge,AWS GovCloud (US-West),EC2,p3.2xlarge|AWS GovCloud (US-West)|EC2,8,26,61 GiB,EBS Only,$3.67,$	0.46,Not Available for CDP,Not Available for CDP
p3.8xlarge,AWS GovCloud (US-West),EC2,p3.8xlarge|AWS GovCloud (US-West)|EC2,32,94,244 GiB,EBS Only,$14.69,$	1.83,Not Available for CDP,$	8.22
p2.8xlarge,AWS GovCloud (US-West),EC2,p2.8xlarge|AWS GovCloud (US-West)|EC2,32,94,488 GiB,EBS Only,$8.64,Not Available for CDP,Not Available for CDP,$	5.22
p2.16xlarge,AWS GovCloud (US-West),EC2,p2.16xlarge|AWS GovCloud (US-West)|EC2,64,188,768 GiB,EBS Only,$17.28,Not Available for CDP,Not Available for CDP,$	9.40
r5.2xlarge,AWS GovCloud (US-West),EC2,r5.2xlarge|AWS GovCloud (US-West)|EC2,8,38,64 GiB,EBS Only,$0.60,$	0.36,Not Available for CDP,Not Available for CDP
r5.4xlarge,AWS GovCloud (US-West),EC2,r5.4xlarge|AWS GovCloud (US-West)|EC2,16,71,128 GiB,EBS Only,$1.21,$	0.72,Not Available for CDP,$	2.05
r5.8xlarge,AWS GovCloud (US-West),EC2,r5.8xlarge|AWS GovCloud (US-West)|EC2,32,131,256 GiB,EBS Only,$2.42,$	1.44,Not Available for CDP,Not Available for CDP
r5d.xlarge,AWS GovCloud (US-West),EC2,r5d.xlarge|AWS GovCloud (US-West)|EC2,4,19,32 GiB,1 x 150 NVMe SSD,$0.35,$	0.24,Not Available for CDP,Not Available for CDP
r5d.2xlarge,AWS GovCloud (US-West),EC2,r5d.2xlarge|AWS GovCloud (US-West)|EC2,8,38,64 GiB,1 x 300 NVMe SSD,$0.69,$	0.48,Not Available for CDP,Not Available for CDP
r5d.4xlarge,AWS GovCloud (US-West),EC2,r5d.4xlarge|AWS GovCloud (US-West)|EC2,16,71,128 GiB,2 x 300 NVMe SSD,$1.38,$	0.96,$	0.72,Not Available for CDP
r5d.8xlarge,AWS GovCloud (US-West),EC2,r5d.8xlarge|AWS GovCloud (US-West)|EC2,32,131,256 GiB,2 x 600 NVMe SSD,$2.77,$	1.92,Not Available for CDP,Not Available for CDP
r5d.16xlarge,AWS GovCloud (US-West),EC2,r5d.16xlarge|AWS GovCloud (US-West)|EC2,64,262,512 GiB,4 x 600 NVMe SSD,$5.54,$	3.84,Not Available for CDP,Not Available for CDP
i3.2xlarge,AWS GovCloud (US-West),EC2,i3.2xlarge|AWS GovCloud (US-West)|EC2,8,27,61 GiB,1 x 1900 NVMe SSD,$0.75,$	0.36,Not Available for CDP,Not Available for CDP
i3.4xlarge,AWS GovCloud (US-West),EC2,i3.4xlarge|AWS GovCloud (US-West)|EC2,16,53,122 GiB,2 x 1900 NVMe SSD,$1.50,$	0.72,Not Available for CDP,Not Available for CDP
i3.8xlarge,AWS GovCloud (US-West),EC2,i3.8xlarge|AWS GovCloud (US-West)|EC2,32,99,244 GiB,4 x 1900 NVMe SSD,$3.01,$	1.44,Not Available for CDP,Not Available for CDP
d2.xlarge,AWS GovCloud (US-West),EC2,d2.xlarge|AWS GovCloud (US-West)|EC2,4,14,30.5 GiB,3 x 2000 HDD,$0.83,$	0.23,Not Available for CDP,Not Available for CDP
d2.2xlarge,AWS GovCloud (US-West),EC2,d2.2xlarge|AWS GovCloud (US-West)|EC2,8,28,61 GiB,6 x 2000 HDD,$1.66,$	0.46,Not Available for CDP,Not Available for CDP
d2.4xlarge,AWS GovCloud (US-West),EC2,d2.4xlarge|AWS GovCloud (US-West)|EC2,16,56,122 GiB,12 x 2000 HDD,$3.31,$	0.92,Not Available for CDP,Not Available for CDP
d2.8xlarge,AWS GovCloud (US-West),EC2,d2.8xlarge|AWS GovCloud (US-West)|EC2,36,116,244 GiB,24 x 2000 HDD,$6.62,$	1.83,Not Available for CDP,Not Available for CDP
db.m5.large,US East (Ohio),RDS,db.m5.large|US East (Ohio)|RDS,,,,,$0.18,,,
db.m5.large,US East (N. Virginia),RDS,db.m5.large|US East (N. Virginia)|RDS,,,,,$0.18,,,
db.m5.large,US West (N. California),RDS,db.m5.large|US West (N. California)|RDS,,,,,$0.20,,,
db.m5.large,US West (Oregon),RDS,db.m5.large|US West (Oregon)|RDS,,,,,$0.18,,,
db.m5.large,Asia Pacific (Hong Kong),RDS,db.m5.large|Asia Pacific (Hong Kong)|RDS,,,,,$0.27,,,
db.m5.large,Asia Pacific (Mumbai),RDS,db.m5.large|Asia Pacific (Mumbai)|RDS,,,,,$0.25,,,
db.m5.large,Asia Pacific (Seoul),RDS,db.m5.large|Asia Pacific (Seoul)|RDS,,,,,$0.25,,,
db.m5.large,Asia Pacific (Singapore),RDS,db.m5.large|Asia Pacific (Singapore)|RDS,,,,,$0.25,,,
db.m5.large,Asia Pacific (Sydney),RDS,db.m5.large|Asia Pacific (Sydney)|RDS,,,,,$0.25,,,
db.m5.large,Asia Pacific (Tokyo),RDS,db.m5.large|Asia Pacific (Tokyo)|RDS,,,,,$0.25,,,
db.m5.large,Canada (Central),RDS,db.m5.large|Canada (Central)|RDS,,,,,$0.20,,,
db.m5.large,EU (Frankfurt),RDS,db.m5.large|EU (Frankfurt)|RDS,,,,,$0.21,,,
db.m5.large,EU (Ireland),RDS,db.m5.large|EU (Ireland)|RDS,,,,,$0.20,,,
db.m5.large,EU (London),RDS,db.m5.large|EU (London)|RDS,,,,,$0.21,,,
db.m5.large,EU (Paris),RDS,db.m5.large|EU (Paris)|RDS,,,,,$0.21,,,
db.m5.large,EU (Stockholm),RDS,db.m5.large|EU (Stockholm)|RDS,,,,,$0.19,,,
db.m5.large,Middle East (Bahrain),RDS,db.m5.large|Middle East (Bahrain)|RDS,,,,,$0.22,,,
db.m5.large,South America (Sao Paulo),RDS,db.m5.large|South America (Sao Paulo)|RDS,,,,,$0.23,,,
db.r4.large,US East (Ohio),RDS,db.r4.large|US East (Ohio)|RDS,,,,,$0.25,,,
db.r4.large,US East (N. Virginia),RDS,db.r4.large|US East (N. Virginia)|RDS,,,,,$0.25,,,
db.r4.large,US West (N. California),RDS,db.r4.large|US West (N. California)|RDS,,,,,$0.28,,,
db.r4.large,US West (Oregon),RDS,db.r4.large|US West (Oregon)|RDS,,,,,$0.25,,,
db.r4.large,Asia Pacific (Hong Kong),RDS,db.r4.large|Asia Pacific (Hong Kong)|RDS,,,,,N/A,,,
db.r4.large,Asia Pacific (Mumbai),RDS,db.r4.large|Asia Pacific (Mumbai)|RDS,,,,,$0.29,,,
db.r4.large,Asia Pacific (Seoul),RDS,db.r4.large|Asia Pacific (Seoul)|RDS,,,,,$0.30,,,
db.r4.large,Asia Pacific (Singapore),RDS,db.r4.large|Asia Pacific (Singapore)|RDS,,,,,$0.30,,,
db.r4.large,Asia Pacific (Sydney),RDS,db.r4.large|Asia Pacific (Sydney)|RDS,,,,,$0.30,,,
db.r4.large,Asia Pacific (Tokyo),RDS,db.r4.large|Asia Pacific (Tokyo)|RDS,,,,,$0.30,,,
db.r4.large,Canada (Central),RDS,db.r4.large|Canada (Central)|RDS,,,,,$0.27,,,
db.r4.large,EU (Frankfurt),RDS,db.r4.large|EU (Frankfurt)|RDS,,,,,$0.31,,,
db.r4.large,EU (Ireland),RDS,db.r4.large|EU (Ireland)|RDS,,,,,$0.28,,,
db.r4.large,EU (London),RDS,db.r4.large|EU (London)|RDS,,,,,$0.29,,,
db.r4.large,EU (Paris),RDS,db.r4.large|EU (Paris)|RDS,,,,,$0.29,,,
db.r4.large,EU (Stockholm),RDS,db.r4.large|EU (Stockholm)|RDS,,,,,N/A,,,
db.r4.large,Middle East (Bahrain),RDS,db.r4.large|Middle East (Bahrain)|RDS,,,,,N/A,,,
db.r4.large,South America (Sao Paulo),RDS,db.r4.large|South America (Sao Paulo)|RDS,,,,,$0.52,,,